ticker,start_date,end_date,period_months,cumulative_return,sp500_return,abnormal_return,sue,surprise,reported_eps,eps_estimate
AMC,2/26/25,3/26/25,1,-0.059,-0.0252,-0.0338,-0.9667,-0.17,-0.35,-0.18
AMC,2/26/25,4/26/25,2,-0.1366,-0.0383,-0.0984,-0.9667,-0.17,-0.35,-0.18
AMC,2/26/25,5/26/25,3,-0.1366,-0.0383,-0.0984,-0.9667,-0.17,-0.35,-0.18
AMC,11/7/24,12/7/24,1,0.1077,0.0161,0.0916,-0.2275,-0.04,-0.15,-0.11
AMC,11/7/24,1/7/25,2,-0.0468,-0.0127,-0.0342,-0.2275,-0.04,-0.15,-0.11
AMC,11/7/24,2/7/25,3,-0.274,0.0077,-0.2817,-0.2275,-0.04,-0.15,-0.11
AMC,8/3/24,9/3/24,1,-0.0646,0.0671,-0.1317,1.8765,0.33,-0.1,-0.43
AMC,8/3/24,10/3/24,2,-0.1051,0.1009,-0.2059,1.8765,0.33,-0.1,-0.43
AMC,8/3/24,11/3/24,3,-0.0889,0.1071,-0.196,1.8765,0.33,-0.1,-0.43
AMC,5/9/24,6/9/24,1,0.6873,0.0253,0.662,0.1706,0.03,-0.76,-0.79
AMC,5/9/24,7/9/24,2,0.8763,0.0706,0.8057,0.1706,0.03,-0.76,-0.79
AMC,5/9/24,8/9/24,3,0.7182,0.0266,0.6916,0.1706,0.03,-0.76,-0.79
AMC,2/29/24,3/29/24,1,-0.1468,0.0231,-0.1699,-0.7392,-0.13,-0.83,-0.7
AMC,2/29/24,4/29/24,2,-0.305,-0.0024,-0.3027,-0.7392,-0.13,-0.83,-0.7
AMC,2/29/24,5/29/24,3,0.0321,0.029,0.0031,-0.7392,-0.13,-0.83,-0.7
AMC,11/9/23,12/9/23,1,-0.1348,0.0445,-0.1793,1.5353,0.27,0.08,-0.19
AMC,11/9/23,1/9/24,2,-0.3708,0.0799,-0.4507,1.5353,0.27,0.08,-0.19
AMC,11/9/23,2/9/24,3,-0.4532,0.1421,-0.5953,1.5353,0.27,0.08,-0.19
AMC,8/9/23,9/9/23,1,-0.8558,-0.0009,-0.8549,0.2843,0.05,0.01,-0.04
AMC,8/9/23,10/9/23,2,-0.8028,-0.0271,-0.7757,0.2843,0.05,0.01,-0.04
AMC,8/9/23,11/9/23,3,-0.8251,-0.0236,-0.8015,0.2843,0.05,0.01,-0.04
AMC,5/6/23,6/6/23,1,-0.2136,0.037,-0.2506,0.398,0.07,-0.09,-0.16
AMC,5/6/23,7/6/23,2,-0.2729,0.0692,-0.3421,0.398,0.07,-0.09,-0.16
AMC,5/6/23,8/6/23,3,-0.1644,0.0866,-0.251,0.398,0.07,-0.09,-0.16
GME,3/26/25,4/26/25,1,0.0235,-0.0108,0.0343,2.017,0.22,0.3,0.08
GME,3/26/25,5/26/25,2,0.0235,-0.0108,0.0343,2.017,0.22,0.3,0.08
GME,3/26/25,6/26/25,3,0.0235,-0.0108,0.0343,2.017,0.22,0.3,0.08
GME,12/11/24,1/11/25,1,0.1238,-0.0362,0.16,1.1002,0.12,0.06,-0.06
GME,12/11/24,2/11/25,2,-0.0762,0.005,-0.0812,1.1002,0.12,0.06,-0.06
GME,12/11/24,3/11/25,3,-0.2136,-0.077,-0.1366,1.1002,0.12,0.06,-0.06
GME,9/11/24,10/11/24,1,0.0211,0.0398,-0.0188,0.8251,0.09,0.01,-0.08
GME,9/11/24,11/11/24,2,0.3363,0.0742,0.262,0.8251,0.09,0.01,-0.08
GME,9/11/24,12/11/24,3,0.4201,0.0898,0.3302,0.8251,0.09,0.01,-0.08
GME,6/8/24,7/8/24,1,-0.0153,0.04,-0.0553,-0.275,-0.03,-0.12,-0.09
GME,6/8/24,8/8/24,2,-0.124,-0.0062,-0.1179,-0.275,-0.03,-0.12,-0.09
GME,6/8/24,9/8/24,3,-0.0366,0.012,-0.0487,-0.275,-0.03,-0.12,-0.09
GME,3/27/24,4/27/24,1,-0.0495,-0.0283,-0.0212,-0.7335,-0.08,0.22,0.3
GME,3/27/24,5/27/24,2,0.5176,0.0122,0.5054,-0.7335,-0.08,0.22,0.3
GME,3/27/24,6/27/24,3,1.004,0.0479,0.9561,-0.7335,-0.08,0.22,0.3
GME,9/7/23,10/7/23,1,-0.1485,-0.0325,-0.116,1.0085,0.11,-0.03,-0.14
GME,9/7/23,11/7/23,2,-0.2298,-0.0158,-0.214,1.0085,0.11,-0.03,-0.14
GME,9/7/23,12/7/23,3,-0.0762,0.0322,-0.1084,1.0085,0.11,-0.03,-0.14
BB,12/20/24,1/20/25,1,0.0528,0.0049,0.0479,0.8949,0.03,0.02,-0.01
BB,12/20/24,2/20/25,2,0.4723,0.0264,0.4459,0.8949,0.03,0.02,-0.01
BB,12/20/24,3/20/25,3,0.1662,-0.0491,0.2153,0.8949,0.03,0.02,-0.01
BB,6/27/24,7/27/24,1,0,0.0004,-0.0004,0.2983,0.01,-0.03,-0.04
BB,6/27/24,8/27/24,2,-0.0645,0.0319,-0.0964,0.2983,0.01,-0.03,-0.04
BB,6/27/24,9/27/24,3,0.0161,0.0533,-0.0372,0.2983,0.01,-0.03,-0.04
BB,4/4/24,5/4/24,1,0.039,-0.0138,0.0528,1.7898,0.06,0.03,-0.03
BB,4/4/24,6/4/24,2,-0.039,0.0192,-0.0582,1.7898,0.06,0.03,-0.03
BB,4/4/24,7/4/24,3,-0.117,0.0671,-0.1842,1.7898,0.06,0.03,-0.03
BB,12/21/23,1/21/24,1,-0.0392,0.0185,-0.0578,1.1932,0.04,0.01,-0.03
BB,12/21/23,2/21/24,2,-0.2409,0.0497,-0.2906,1.1932,0.04,0.01,-0.03
BB,12/21/23,3/21/24,3,-0.2213,0.1059,-0.3272,1.1932,0.04,0.01,-0.03
BB,9/29/23,10/29/23,1,-0.225,-0.0389,-0.1861,0.5966,0.02,-0.04,-0.06
BB,9/29/23,11/29/23,2,-0.1432,0.0639,-0.2071,0.5966,0.02,-0.04,-0.06
BB,9/29/23,12/29/23,3,-0.1955,0.1168,-0.3123,0.5966,0.02,-0.04,-0.06
BB,6/29/23,7/29/23,1,-0.141,0.0308,-0.1718,3.2813,0.11,0.06,-0.05
BB,6/29/23,8/29/23,2,-0.0235,0.0133,-0.0368,3.2813,0.11,0.06,-0.05
BB,6/29/23,9/29/23,3,-0.1483,-0.0322,-0.116,3.2813,0.11,0.06,-0.05
BB,4/1/23,5/1/23,1,-0.1435,0.0111,-0.1546,0.8949,0.03,-0.02,-0.05
BB,4/1/23,6/1/23,2,0.1854,0.0265,0.159,0.8949,0.03,-0.02,-0.05
BB,4/1/23,7/1/23,3,0.2208,0.0827,0.1381,0.8949,0.03,-0.02,-0.05
NOK,1/31/25,2/28/25,1,0.039,-0.006,0.045,1.7321,0.06,0.19,0.13
NOK,1/31/25,3/31/25,2,0.1407,-0.0614,0.2021,1.7321,0.06,0.19,0.13
NOK,1/31/25,4/30/25,3,0.1558,-0.0587,0.2146,1.7321,0.06,0.19,0.13
NOK,10/18/24,11/18/24,1,-0.0626,0.0077,-0.0704,-0.2887,-0.01,0.07,0.08
NOK,10/18/24,12/18/24,2,-0.0773,0.0045,-0.0819,-0.2887,-0.01,0.07,0.08
NOK,10/18/24,1/18/25,3,-0.0521,0.0273,-0.0795,-0.2887,-0.01,0.07,0.08
NOK,7/19/24,8/19/24,1,0.1222,0.0089,0.1133,0.5774,0.02,0.07,0.05
NOK,7/19/24,9/19/24,2,0.1465,0.0294,0.117,0.5774,0.02,0.07,0.05
NOK,7/19/24,10/19/24,3,0.2814,0.0572,0.2241,0.5774,0.02,0.07,0.05
NOK,4/19/24,5/19/24,1,0.0596,0.0595,0.0001,1.1547,0.04,0.1,0.06
NOK,4/19/24,6/19/24,2,-0.0027,0.0976,-0.1003,1.1547,0.04,0.1,0.06
NOK,4/19/24,7/19/24,3,-0.0108,0.1021,-0.113,1.1547,0.04,0.1,0.06
NOK,1/26/24,2/26/24,1,-0.0831,0.03,-0.1131,-1.1547,-0.04,0.11,0.15
NOK,1/26/24,3/26/24,2,-0.0805,0.0593,-0.1399,-1.1547,-0.04,0.11,0.15
NOK,1/26/24,4/26/24,3,-0.0402,0.0378,-0.078,-1.1547,-0.04,0.11,0.15
NOK,10/20/23,11/20/23,1,0.1361,0.0804,0.0557,-1.1547,-0.04,0.05,0.09
NOK,10/20/23,12/20/23,2,0.0285,0.1182,-0.0897,-1.1547,-0.04,0.05,0.09
NOK,10/20/23,1/20/24,3,0.0854,0.152,-0.0666,-1.1547,-0.04,0.05,0.09
NOK,7/21/23,8/21/23,1,-0.0379,-0.0327,-0.0052,0,0,0.08,0.08
NOK,7/21/23,9/21/23,2,-0.0227,-0.0469,0.0241,0,0,0.08,0.08
NOK,7/21/23,10/21/23,3,-0.197,-0.0694,-0.1276,0,0,0.08,0.08
NOK,4/21/23,5/21/23,1,-0.0357,0.0145,-0.0502,-0.5774,-0.02,0.06,0.08
NOK,4/21/23,6/21/23,2,-0.019,0.058,-0.077,-0.5774,-0.02,0.06,0.08
NOK,4/21/23,7/21/23,3,-0.0619,0.0999,-0.1618,-0.5774,-0.02,0.06,0.08
NOK,1/27/23,2/27/23,1,-0.0148,-0.0071,-0.0076,0.5774,0.02,0.16,0.14
NOK,1/27/23,3/27/23,2,-0.0148,-0.0065,-0.0083,0.5774,0.02,0.16,0.14
NOK,1/27/23,4/27/23,3,-0.097,0.0334,-0.1304,0.5774,0.02,0.16,0.14
TSLA,1/30/25,2/28/25,1,-0.2759,-0.0127,-0.2632,-0.3685,-0.03,0.73,0.76
TSLA,1/30/25,3/30/25,2,-0.3486,-0.0739,-0.2747,-0.3685,-0.03,0.73,0.76
TSLA,1/30/25,4/30/25,3,-0.3365,-0.0651,-0.2714,-0.3685,-0.03,0.73,0.76
TSLA,10/24/24,11/24/24,1,0.3097,0.0284,0.2813,1.7198,0.14,0.72,0.58
TSLA,10/24/24,12/24/24,2,0.7173,0.0419,0.6754,1.7198,0.14,0.72,0.58
TSLA,10/24/24,1/24/25,3,0.5104,0.0535,0.4569,1.7198,0.14,0.72,0.58
TSLA,7/24/24,8/24/24,1,0.0003,0.0441,-0.0437,-1.2284,-0.1,0.52,0.62
TSLA,7/24/24,9/24/24,2,0.1545,0.0643,0.0901,-1.2284,-0.1,0.52,0.62
TSLA,7/24/24,10/24/24,3,0.1827,0.0791,0.1035,-1.2284,-0.1,0.52,0.62
TSLA,4/24/24,5/24/24,1,0.0532,0.0515,0.0017,-0.7371,-0.06,0.45,0.51
TSLA,4/24/24,6/24/24,2,0.0729,0.0814,-0.0086,-0.7371,-0.06,0.45,0.51
TSLA,4/24/24,7/24/24,3,0.2692,0.0784,0.1908,-0.7371,-0.06,0.45,0.51
TSLA,1/25/24,2/25/24,1,0.0476,0.0419,0.0056,-0.3685,-0.03,0.71,0.74
TSLA,1/25/24,3/25/24,2,-0.058,0.0697,-0.1277,-0.3685,-0.03,0.71,0.74
TSLA,1/25/24,4/25/24,3,-0.0713,0.0362,-0.1075,-0.3685,-0.03,0.71,0.74
TSLA,10/19/23,11/19/23,1,0.1052,0.0703,0.035,-0.7371,-0.06,0.66,0.72
TSLA,10/19/23,12/19/23,2,0.2134,0.1319,0.0814,-0.7371,-0.06,0.66,0.72
TSLA,10/19/23,1/19/24,3,0.0009,0.15,-0.1491,-0.7371,-0.06,0.66,0.72
TSLA,7/20/23,8/20/23,1,-0.1713,-0.0347,-0.1366,1.1056,0.09,0.91,0.82
TSLA,7/20/23,9/20/23,2,0.0099,-0.0265,0.0364,1.1056,0.09,0.91,0.82
TSLA,7/20/23,10/20/23,3,-0.1847,-0.0652,-0.1195,1.1056,0.09,0.91,0.82
TSLA,4/20/23,5/20/23,1,0.0912,0.0156,0.0757,0,0,0.85,0.85
TSLA,4/20/23,6/20/23,2,0.6625,0.0645,0.598,0,0,0.85,0.85
TSLA,4/20/23,7/20/23,3,0.5926,0.1011,0.4915,0,0,0.85,0.85
AMD,2/5/25,3/5/25,1,-0.0771,-0.0384,-0.0387,0.7802,0.01,1.09,1.08
AMD,2/5/25,4/5/25,2,-0.067,-0.072,0.005,0.7802,0.01,1.09,1.08
AMD,2/5/25,5/5/25,3,-0.067,-0.072,0.005,0.7802,0.01,1.09,1.08
AMD,10/30/24,11/30/24,1,-0.0478,0.0596,-0.1075,0,0,0.92,0.92
AMD,10/30/24,12/30/24,2,-0.1501,0.0379,-0.188,0,0,0.92,0.92
AMD,10/30/24,1/30/25,3,-0.175,0.0676,-0.2426,0,0,0.92,0.92
AMD,7/31/24,8/31/24,1,0.1209,0.0381,0.0828,0.7802,0.01,0.69,0.68
AMD,7/31/24,9/30/24,2,0.238,0.0599,0.1781,0.7802,0.01,0.69,0.68
AMD,7/31/24,10/31/24,3,0.087,0.0504,0.0366,0.7802,0.01,0.69,0.68
AMD,5/1/24,6/1/24,1,0.1419,0.0442,0.0977,0.7802,0.01,0.62,0.61
AMD,5/1/24,7/1/24,2,0.0789,0.0833,-0.0044,0.7802,0.01,0.62,0.61
AMD,5/1/24,8/1/24,3,-0.0932,0.0787,-0.1719,0.7802,0.01,0.62,0.61
AMD,1/31/24,2/29/24,1,0.1293,0.0386,0.0907,0,0,0.77,0.77
AMD,1/31/24,3/31/24,2,0.0587,0.0726,-0.0138,0,0,0.77,0.77
AMD,1/31/24,4/30/24,3,-0.071,0.0293,-0.1003,0,0,0.77,0.77
AMD,11/1/23,12/1/23,1,0.1258,0.0658,0.06,1.5604,0.02,0.7,0.68
AMD,11/1/23,1/1/24,2,0.3671,0.1079,0.2592,1.5604,0.02,0.7,0.68
AMD,11/1/23,2/1/24,3,0.581,0.1403,0.4407,1.5604,0.02,0.7,0.68
AMD,8/2/23,9/2/23,1,-0.0327,0.0052,-0.0379,0.7802,0.01,0.58,0.57
AMD,8/2/23,10/2/23,2,-0.0873,-0.0446,-0.0427,0.7802,0.01,0.58,0.57
AMD,8/2/23,11/2/23,3,-0.047,-0.0369,-0.0101,0.7802,0.01,0.58,0.57
AMD,5/3/23,6/3/23,1,0.3608,0.0563,0.3046,3.1208,0.04,0.6,0.56
AMD,5/3/23,7/3/23,2,0.3373,0.0995,0.2378,3.1208,0.04,0.6,0.56
AMD,5/3/23,8/3/23,3,0.3064,0.112,0.1944,3.1208,0.04,0.6,0.56
PLTR,2/4/25,3/4/25,1,-0.1673,-0.0453,-0.122,3.0271,0.03,0.14,0.11
PLTR,2/4/25,4/4/25,2,-0.1646,-0.0688,-0.0958,3.0271,0.03,0.14,0.11
PLTR,2/4/25,5/4/25,3,-0.1646,-0.0688,-0.0958,3.0271,0.03,0.14,0.11
PLTR,11/5/24,12/5/24,1,0.2943,0.0264,0.2678,1.009,0.01,0.1,0.09
PLTR,11/5/24,1/5/25,2,0.4387,0.0049,0.4338,1.009,0.01,0.1,0.09
PLTR,11/5/24,2/5/25,3,0.8253,0.0257,0.7996,1.009,0.01,0.1,0.09
PLTR,8/6/24,9/6/24,1,0.1524,0.0418,0.1105,1.009,0.01,0.09,0.08
PLTR,8/6/24,10/6/24,2,0.5201,0.1081,0.412,1.009,0.01,0.09,0.08
PLTR,8/6/24,11/6/24,3,1.1098,0.143,0.9668,1.009,0.01,0.09,0.08
PLTR,5/7/24,6/7/24,1,0.0812,0.0325,0.0486,0,0,0.08,0.08
PLTR,5/7/24,7/7/24,2,0.263,0.0759,0.1871,0,0,0.08,0.08
PLTR,5/7/24,8/7/24,3,0.2208,0.0061,0.2147,0,0,0.08,0.08
PLTR,2/6/24,3/6/24,1,0.1085,0.0234,0.0851,0,0,0.08,0.08
PLTR,2/6/24,4/6/24,2,-0.0271,0.044,-0.0712,0,0,0.08,0.08
PLTR,2/6/24,5/6/24,3,0.0682,0.0403,0.0279,0,0,0.08,0.08
PLTR,11/3/23,12/3/23,1,0.0933,0.0537,0.0396,1.009,0.01,0.07,0.06
PLTR,11/3/23,1/3/24,2,-0.1321,0.0803,-0.2125,1.009,0.01,0.07,0.06
PLTR,11/3/23,2/3/24,3,-0.082,0.1392,-0.2212,1.009,0.01,0.07,0.06
PLTR,8/8/23,9/8/23,1,-0.0079,-0.0005,-0.0074,0,0,0.05,0.05
PLTR,8/8/23,10/8/23,2,0.0892,-0.033,0.1221,0,0,0.05,0.05
PLTR,8/8/23,11/8/23,3,0.2125,-0.0156,0.2281,0,0,0.05,0.05
PLTR,5/9/23,6/9/23,1,0.5111,0.0413,0.4698,1.009,0.01,0.05,0.04
PLTR,5/9/23,7/9/23,2,0.5433,0.0662,0.4771,1.009,0.01,0.05,0.04
PLTR,5/9/23,8/9/23,3,0.5342,0.0837,0.4505,1.009,0.01,0.05,0.04
SOFI,1/28/25,2/28/25,1,-0.0951,-0.0127,-0.0824,0.7255,0.01,0.05,0.04
SOFI,1/28/25,3/28/25,2,-0.2589,-0.0739,-0.185,0.7255,0.01,0.05,0.04
SOFI,1/28/25,4/28/25,3,-0.2552,-0.0651,-0.1901,0.7255,0.01,0.05,0.04
SOFI,10/30/24,11/30/24,1,0.4691,0.0596,0.4095,0.7255,0.01,0.05,0.04
SOFI,10/30/24,12/30/24,2,0.3993,0.0379,0.3614,0.7255,0.01,0.05,0.04
SOFI,10/30/24,1/30/25,3,0.4718,0.0676,0.4042,0.7255,0.01,0.05,0.04
SOFI,4/30/24,5/30/24,1,-0.0014,0.0445,-0.0459,0.7255,0.01,0.02,0.01
SOFI,4/30/24,6/30/24,2,-0.0448,0.0912,-0.136,0.7255,0.01,0.02,0.01
SOFI,4/30/24,7/30/24,3,0.0723,0.0867,-0.0145,0.7255,0.01,0.02,0.01
SOFI,10/31/23,11/30/23,1,-0.0383,0.0798,-0.1181,2.9019,0.04,-0.03,-0.07
SOFI,10/31/23,12/31/23,2,0.3127,0.1291,0.1835,2.9019,0.04,-0.03,-0.07
SOFI,10/31/23,1/31/24,3,0.033,0.1471,-0.1141,2.9019,0.04,-0.03,-0.07
SOFI,8/1/23,9/1/23,1,-0.128,0.0024,-0.1303,0,0,-0.06,-0.06
SOFI,8/1/23,10/1/23,2,-0.2073,-0.047,-0.1604,0,0,-0.06,-0.06
SOFI,8/1/23,11/1/23,3,-0.248,-0.0577,-0.1903,0,0,-0.06,-0.06
SOFI,5/2/23,6/2/23,1,0.4495,0.0488,0.4007,1.451,0.02,-0.05,-0.07
SOFI,5/2/23,7/2/23,2,0.7196,0.0905,0.6291,1.451,0.02,-0.05,-0.07
SOFI,5/2/23,8/2/23,3,1.0784,0.1073,0.971,1.451,0.02,-0.05,-0.07
CVNA,2/20/25,3/20/25,1,-0.1696,-0.0574,-0.1122,0.8595,0.27,0.56,0.29
CVNA,2/20/25,4/20/25,2,-0.048,-0.0621,0.0142,0.8595,0.27,0.56,0.29
CVNA,2/20/25,5/20/25,3,-0.048,-0.0621,0.0142,0.8595,0.27,0.56,0.29
CVNA,10/31/24,11/30/24,1,0.1368,0.0552,0.0816,1.2733,0.4,0.64,0.24
CVNA,10/31/24,12/31/24,2,-0.1123,0.0298,-0.1421,1.2733,0.4,0.64,0.24
CVNA,10/31/24,1/31/25,3,0.0803,0.0574,0.0229,1.2733,0.4,0.64,0.24
CVNA,8/1/24,9/1/24,1,0.0978,0.0578,0.0401,0.6685,0.21,0.14,-0.07
CVNA,8/1/24,10/1/24,2,0.2813,0.0703,0.211,0.6685,0.21,0.14,-0.07
CVNA,8/1/24,11/1/24,3,0.6697,0.0749,0.5948,0.6685,0.21,0.14,-0.07
CVNA,5/2/24,6/2/24,1,-0.1783,0.0314,-0.2097,3.0878,0.97,0.23,-0.74
CVNA,5/2/24,7/2/24,2,0.0482,0.0772,-0.0291,3.0878,0.97,0.23,-0.74
CVNA,5/2/24,8/2/24,3,0.1276,0.0456,0.082,3.0878,0.97,0.23,-0.74
CVNA,2/23/24,3/23/24,1,0.2298,0.0333,0.1965,-0.3502,-0.11,-1,-0.89
CVNA,2/23/24,4/23/24,2,0.0821,0.0024,0.0797,-0.3502,-0.11,-1,-0.89
CVNA,2/23/24,5/23/24,3,0.5728,0.0427,0.5301,-0.3502,-0.11,-1,-0.89
CVNA,11/3/23,12/3/23,1,0.0593,0.0537,0.0056,1.0505,0.33,-0.46,-0.79
CVNA,11/3/23,1/3/24,2,0.4051,0.0803,0.3247,1.0505,0.33,-0.46,-0.79
CVNA,11/3/23,2/3/24,3,0.3076,0.1392,0.1683,1.0505,0.33,-0.46,-0.79
CVNA,7/20/23,8/20/23,1,-0.1405,-0.0347,-0.1058,1.91,0.6,-0.55,-1.15
CVNA,7/20/23,9/20/23,2,-0.0419,-0.0265,-0.0153,1.91,0.6,-0.55,-1.15
CVNA,7/20/23,10/20/23,3,-0.3189,-0.0652,-0.2537,1.91,0.6,-0.55,-1.15
CVNA,5/5/23,6/5/23,1,0.3274,0.0348,0.2926,1.5598,0.49,-1.51,-2
CVNA,5/5/23,7/5/23,2,1.2876,0.0776,1.21,1.5598,0.49,-1.51,-2
CVNA,5/5/23,8/5/23,3,3.0212,0.0866,2.9347,1.5598,0.49,-1.51,-2
SMCI,2/26/25,3/26/25,1,-0.1376,-0.0252,-0.1124,-0.0442,-0.04,0.6,0.64
SMCI,2/26/25,4/26/25,2,-0.1839,-0.0383,-0.1457,-0.0442,-0.04,0.6,0.64
SMCI,2/26/25,5/26/25,3,-0.1839,-0.0383,-0.1457,-0.0442,-0.04,0.6,0.64
SMCI,8/7/24,9/7/24,1,-0.2421,0.0183,-0.2604,-2.0108,-1.82,6.25,8.07
SMCI,8/7/24,10/7/24,2,-0.0638,0.0733,-0.1371,-2.0108,-1.82,6.25,8.07
SMCI,8/7/24,11/7/24,3,-0.5003,0.1259,-0.6262,-2.0108,-1.82,6.25,8.07
SMCI,5/1/24,6/1/24,1,0.0288,0.0442,-0.0154,0.9612,0.87,6.65,5.78
SMCI,5/1/24,7/1/24,2,0.0653,0.0833,-0.018,0.9612,0.87,6.65,5.78
SMCI,5/1/24,8/1/24,3,-0.1184,0.0787,-0.1971,0.9612,0.87,6.65,5.78
SMCI,1/30/24,2/29/24,1,0.6354,0.0522,0.5832,0.7292,0.66,5.59,4.93
SMCI,1/30/24,3/30/24,2,0.9071,0.0866,0.8205,0.7292,0.66,5.59,4.93
SMCI,1/30/24,4/30/24,3,0.6216,0.0428,0.5788,0.7292,0.66,5.59,4.93
SMCI,11/2/23,12/2/23,1,0.0574,0.0562,0.0012,0.4088,0.37,3.43,3.06
SMCI,11/2/23,1/2/24,2,0.1194,0.0917,0.0277,0.4088,0.37,3.43,3.06
SMCI,11/2/23,2/2/24,3,1.2731,0.1419,1.1312,0.4088,0.37,3.43,3.06
SMCI,8/9/23,9/9/23,1,0.0128,-0.0009,0.0136,0.6077,0.55,3.51,2.96
SMCI,8/9/23,10/9/23,2,0.0465,-0.0271,0.0736,0.6077,0.55,3.51,2.96
SMCI,8/9/23,11/9/23,3,-0.0442,-0.0236,-0.0205,0.6077,0.55,3.51,2.96
SMCI,5/3/23,6/3/23,1,0.6271,0.0563,0.5709,-0.0884,-0.08,1.63,1.71
SMCI,5/3/23,7/3/23,2,0.827,0.0995,0.7275,-0.0884,-0.08,1.63,1.71
SMCI,5/3/23,8/3/23,3,1.3549,0.112,1.2429,-0.0884,-0.08,1.63,1.71
PYPL,2/5/25,3/5/25,1,-0.1154,-0.0384,-0.0771,1.0657,0.07,1.19,1.12
PYPL,2/5/25,4/5/25,2,-0.1587,-0.072,-0.0867,1.0657,0.07,1.19,1.12
PYPL,2/5/25,5/5/25,3,-0.1587,-0.072,-0.0867,1.0657,0.07,1.19,1.12
PYPL,10/30/24,11/30/24,1,0.0942,0.0596,0.0346,1.9792,0.13,1.2,1.07
PYPL,10/30/24,12/30/24,2,0.0773,0.0379,0.0394,1.9792,0.13,1.2,1.07
PYPL,10/30/24,1/30/25,3,0.1295,0.0676,0.0619,1.9792,0.13,1.2,1.07
PYPL,7/31/24,8/31/24,1,0.109,0.0381,0.071,3.0449,0.2,1.19,0.99
PYPL,7/31/24,9/30/24,2,0.1948,0.0599,0.1349,3.0449,0.2,1.19,0.99
PYPL,7/31/24,10/31/24,3,0.2142,0.0504,0.1638,3.0449,0.2,1.19,0.99
PYPL,5/1/24,6/1/24,1,-0.0596,0.0442,-0.1038,2.7404,0.18,1.4,1.22
PYPL,5/1/24,7/1/24,2,-0.1369,0.0833,-0.2202,2.7404,0.18,1.4,1.22
PYPL,5/1/24,8/1/24,3,-0.0249,0.0787,-0.1036,2.7404,0.18,1.4,1.22
PYPL,2/8/24,3/8/24,1,0.0017,0.021,-0.0193,1.827,0.12,1.48,1.36
PYPL,2/8/24,4/8/24,2,0.1261,0.0382,0.088,1.827,0.12,1.48,1.36
PYPL,2/8/24,5/8/24,3,0.0832,0.0351,0.0481,1.827,0.12,1.48,1.36
PYPL,11/2/23,12/2/23,1,0.0633,0.0562,0.0071,1.0657,0.07,1.3,1.23
PYPL,11/2/23,1/2/24,2,0.0955,0.0917,0.0038,1.0657,0.07,1.3,1.23
PYPL,11/2/23,2/2/24,3,0.1127,0.1419,-0.0292,1.0657,0.07,1.3,1.23
PYPL,8/3/23,9/3/23,1,0.0131,0.0098,0.0033,0,0,1.16,1.16
PYPL,8/3/23,10/3/23,2,-0.0869,-0.0531,-0.0337,0,0,1.16,1.16
PYPL,8/3/23,11/3/23,3,-0.106,-0.0237,-0.0823,0,0,1.16,1.16
PYPL,5/9/23,6/9/23,1,0.0017,0.0413,-0.0396,1.0657,0.07,1.17,1.1
PYPL,5/9/23,7/9/23,2,0.0538,0.0662,-0.0124,1.0657,0.07,1.17,1.1
PYPL,5/9/23,8/9/23,3,-0.0215,0.0837,-0.1052,1.0657,0.07,1.17,1.1
INTC,1/31/25,2/28/25,1,0.2245,-0.006,0.2305,0.1053,0.01,0.13,0.12
INTC,1/31/25,3/31/25,2,0.1718,-0.0614,0.2332,0.1053,0.01,0.13,0.12
INTC,1/31/25,4/30/25,3,0.1378,-0.0587,0.1965,0.1053,0.01,0.13,0.12
INTC,11/1/24,12/1/24,1,0.0679,0.0575,0.0105,2.0014,0.19,0.17,-0.02
INTC,11/1/24,1/1/25,2,-0.1097,0.032,-0.1417,2.0014,0.19,0.17,-0.02
INTC,11/1/24,2/1/25,3,-0.1372,0.0597,-0.1969,2.0014,0.19,0.17,-0.02
INTC,8/2/24,9/2/24,1,0.1029,0.0895,0.0134,-0.8427,-0.08,0.02,0.1
INTC,8/2/24,10/2/24,2,0.1204,0.1029,0.0176,-0.8427,-0.08,0.02,0.1
INTC,8/2/24,11/2/24,3,0.161,0.1071,0.0539,-0.8427,-0.08,0.02,0.1
INTC,4/26/24,5/26/24,1,-0.0164,0.038,-0.0544,0.4213,0.04,0.18,0.14
INTC,4/26/24,6/26/24,2,-0.0222,0.073,-0.0951,0.4213,0.04,0.18,0.14
INTC,4/26/24,7/26/24,3,0.0037,0.0708,-0.0671,0.4213,0.04,0.18,0.14
INTC,1/26/24,2/26/24,1,-0.0165,0.03,-0.0465,0.948,0.09,0.54,0.45
INTC,1/26/24,3/26/24,2,-0.0394,0.0593,-0.0987,0.948,0.09,0.54,0.45
INTC,1/26/24,4/26/24,3,-0.2707,0.0378,-0.3085,0.948,0.09,0.54,0.45
INTC,10/27/23,11/27/23,1,0.2391,0.0936,0.1456,2.0014,0.19,0.41,0.22
INTC,10/27/23,12/27/23,2,0.4269,0.1512,0.2757,2.0014,0.19,0.41,0.22
INTC,10/27/23,1/27/24,3,0.2271,0.1776,0.0495,2.0014,0.19,0.41,0.22
INTC,7/28/23,8/28/23,1,-0.0567,-0.0328,-0.0239,1.6854,0.16,0.13,-0.03
INTC,7/28/23,9/28/23,2,-0.013,-0.0606,0.0477,1.6854,0.16,0.13,-0.03
INTC,7/28/23,10/28/23,3,-0.0029,-0.0997,0.0969,1.6854,0.16,0.13,-0.03
INTC,4/28/23,5/28/23,1,-0.039,0.0109,-0.0498,1.1587,0.11,-0.04,-0.15
INTC,4/28/23,6/28/23,2,0.1125,0.0542,0.0583,1.1587,0.11,-0.04,-0.15
INTC,4/28/23,7/28/23,3,0.2205,0.1037,0.1167,1.1587,0.11,-0.04,-0.15
RIVN,2/21/25,3/21/25,1,-0.0301,-0.0528,0.0227,1.145,0.19,-0.46,-0.65
RIVN,2/21/25,4/21/25,2,0.1104,-0.0579,0.1682,1.145,0.19,-0.46,-0.65
RIVN,2/21/25,5/21/25,3,0.1104,-0.0579,0.1682,1.145,0.19,-0.46,-0.65
RIVN,11/8/24,12/8/24,1,0.1775,0.0151,0.1624,-0.3616,-0.06,-0.98,-0.92
RIVN,11/8/24,1/8/25,2,0.2871,-0.0122,0.2993,-0.3616,-0.06,-0.98,-0.92
RIVN,11/8/24,2/8/25,3,0.1304,0.0067,0.1237,-0.3616,-0.06,-0.98,-0.92
RIVN,8/7/24,9/7/24,1,-0.1012,0.0183,-0.1195,0.4821,0.08,-1.13,-1.21
RIVN,8/7/24,10/7/24,2,-0.2874,0.0733,-0.3607,0.4821,0.08,-1.13,-1.21
RIVN,8/7/24,11/7/24,3,-0.3173,0.1259,-0.4431,0.4821,0.08,-1.13,-1.21
RIVN,5/8/24,6/8/24,1,0.1272,0.0266,0.1006,-0.4218,-0.07,-1.24,-1.17
RIVN,5/8/24,7/8/24,2,0.5157,0.0709,0.4447,-0.4218,-0.07,-1.24,-1.17
RIVN,5/8/24,8/8/24,3,0.4403,0.0234,0.4169,-0.4218,-0.07,-1.24,-1.17
RIVN,2/22/24,3/22/24,1,0.0725,0.0295,0.043,-0.2411,-0.04,-1.36,-1.32
RIVN,2/22/24,4/22/24,2,-0.1271,-0.013,-0.1142,-0.2411,-0.04,-1.36,-1.32
RIVN,2/22/24,5/22/24,3,0.0626,0.0465,0.016,-0.2411,-0.04,-1.36,-1.32
RIVN,11/8/23,12/8/23,1,0.242,0.0608,0.1812,0.7834,0.13,-1.19,-1.32
RIVN,11/8/23,1/8/24,2,0.2772,0.0984,0.1788,0.7834,0.13,-1.19,-1.32
RIVN,11/8/23,2/8/24,3,0.0509,0.1533,-0.1024,0.7834,0.13,-1.19,-1.32
RIVN,8/9/23,9/9/23,1,0.0543,-0.0009,0.0552,1.9887,0.33,-1.08,-1.41
RIVN,8/9/23,10/9/23,2,-0.1429,-0.0271,-0.1157,1.9887,0.33,-1.08,-1.41
RIVN,8/9/23,11/9/23,3,-0.3003,-0.0236,-0.2767,1.9887,0.33,-1.08,-1.41
RIVN,5/10/23,6/10/23,1,0.0022,0.0431,-0.0409,2.0489,0.34,-1.25,-1.59
RIVN,5/10/23,7/10/23,2,0.8432,0.0708,0.7724,2.0489,0.34,-1.25,-1.59
RIVN,5/10/23,8/10/23,3,0.5831,0.086,0.4971,2.0489,0.34,-1.25,-1.59
SOUN,2/28/25,3/28/25,1,-0.1764,-0.0453,-0.1311,-2.8229,-0.59,-0.69,-0.1
SOUN,2/28/25,4/28/25,2,-0.2054,-0.0362,-0.1693,-2.8229,-0.59,-0.69,-0.1
SOUN,2/28/25,5/28/25,3,-0.2054,-0.0362,-0.1693,-2.8229,-0.59,-0.69,-0.1
SOUN,11/13/24,12/13/24,1,1.5505,0.0183,1.5322,0.0478,0.01,-0.06,-0.07
SOUN,11/13/24,1/13/25,2,0.9336,-0.0169,0.9505,0.0478,0.01,-0.06,-0.07
SOUN,11/13/24,2/13/25,3,1.3002,0.0311,1.2691,0.0478,0.01,-0.06,-0.07
SOUN,8/9/24,9/9/24,1,-0.1047,0.0246,-0.1293,-0.0957,-0.02,-0.11,-0.09
SOUN,8/9/24,10/9/24,2,-0.1027,0.0856,-0.1883,-0.0957,-0.02,-0.11,-0.09
SOUN,8/9/24,11/9/24,3,0.3953,0.1252,0.2702,-0.0957,-0.02,-0.11,-0.09
SOUN,5/10/24,6/10/24,1,-0.1359,0.0283,-0.1642,0.0957,0.02,-0.07,-0.09
SOUN,5/10/24,7/10/24,2,-0.0815,0.0811,-0.1626,0.0957,0.02,-0.07,-0.09
SOUN,5/10/24,8/10/24,3,-0.1178,0.0265,-0.1442,0.0957,0.02,-0.07,-0.09
SOUN,3/1/24,4/1/24,1,-0.0116,0.0224,-0.034,-0.0478,-0.01,-0.07,-0.06
SOUN,3/1/24,5/1/24,2,-0.216,-0.0203,-0.1957,-0.0478,-0.01,-0.07,-0.06
SOUN,3/1/24,6/1/24,3,-0.1022,0.0326,-0.1348,-0.0478,-0.01,-0.07,-0.06
SOUN,11/11/23,12/11/23,1,0.0251,0.0495,-0.0244,0,0,-0.09,-0.09
SOUN,11/11/23,1/11/24,2,-0.1106,0.0865,-0.1971,0,0,-0.09,-0.09
SOUN,11/11/23,2/11/24,3,0.1357,0.1432,-0.0075,0,0,-0.09,-0.09
SOUN,8/9/23,9/9/23,1,0.2169,-0.0009,0.2178,0.0478,0.01,-0.1,-0.11
SOUN,8/9/23,10/9/23,2,0.0265,-0.0271,0.0536,0.0478,0.01,-0.1,-0.11
SOUN,8/9/23,11/9/23,3,-0.0847,-0.0236,-0.061,0.0478,0.01,-0.1,-0.11
SOUN,5/12/23,6/12/23,1,0.2269,0.0503,0.1766,-0.0478,-0.01,-0.13,-0.12
SOUN,5/12/23,7/12/23,2,0.3846,0.0839,0.3007,-0.0478,-0.01,-0.13,-0.12
SOUN,5/12/23,8/12/23,3,-0.2538,0.083,-0.3369,-0.0478,-0.01,-0.13,-0.12
MARA,2/27/25,3/27/25,1,-0.0201,-0.0427,0.0226,0.2173,0.11,0.79,0.68
MARA,2/27/25,4/27/25,2,-0.1494,-0.0531,-0.0964,0.2173,0.11,0.79,0.68
MARA,2/27/25,5/27/25,3,-0.1494,-0.0531,-0.0964,0.2173,0.11,0.79,0.68
MARA,11/13/24,12/13/24,1,0.0933,0.0183,0.075,-0.3161,-0.16,-0.42,-0.26
MARA,11/13/24,1/13/25,2,-0.1732,-0.0169,-0.1563,-0.3161,-0.16,-0.42,-0.26
MARA,11/13/24,2/13/25,3,-0.1866,0.0311,-0.2177,-0.3161,-0.16,-0.42,-0.26
MARA,8/2/24,9/2/24,1,-0.0147,0.0895,-0.1042,-1.146,-0.58,-0.72,-0.14
MARA,8/2/24,10/2/24,2,-0.1027,0.1029,-0.2055,-1.146,-0.58,-0.72,-0.14
MARA,8/2/24,11/2/24,3,-0.0496,0.1071,-0.1567,-1.146,-0.58,-0.72,-0.14
MARA,5/10/24,6/10/24,1,0.1275,0.0283,0.0991,2.0548,1.04,1.26,0.22
MARA,5/10/24,7/10/24,2,0.0944,0.0811,0.0134,2.0548,1.04,1.26,0.22
MARA,5/10/24,8/10/24,3,-0.0133,0.0265,-0.0398,2.0548,1.04,1.26,0.22
MARA,2/29/24,3/29/24,1,-0.1637,0.0231,-0.1868,1.2447,0.63,0.66,0.03
MARA,2/29/24,4/29/24,2,-0.3322,-0.0024,-0.3299,1.2447,0.63,0.66,0.03
MARA,2/29/24,5/29/24,3,-0.2504,0.029,-0.2794,1.2447,0.63,0.66,0.03
MARA,10/16/23,11/16/23,1,0.155,0.0326,0.1224,0.8891,0.45,0.35,-0.1
MARA,10/16/23,12/16/23,2,1.1645,0.0808,1.0837,0.8891,0.45,0.35,-0.1
MARA,10/16/23,1/16/24,3,1.1041,0.0937,1.0105,0.8891,0.45,0.35,-0.1
MARA,8/9/23,9/9/23,1,-0.2502,-0.0009,-0.2493,-0.1185,-0.06,-0.13,-0.07
MARA,8/9/23,10/9/23,2,-0.4254,-0.0271,-0.3983,-0.1185,-0.06,-0.13,-0.07
MARA,8/9/23,11/9/23,3,-0.3656,-0.0236,-0.342,-0.1185,-0.06,-0.13,-0.07
MARA,5/11/23,6/11/23,1,0.0516,0.0445,0.0071,0.0593,0.03,-0.05,-0.08
MARA,5/11/23,7/11/23,2,0.9496,0.079,0.8706,0.0593,0.03,-0.05,-0.08
MARA,5/11/23,8/11/23,3,0.6682,0.0868,0.5814,0.0593,0.03,-0.05,-0.08
RILY,8/16/11,9/16/11,1,0,0.0214,-0.0214,-0.6385,-1.8,-1.6,0.2
RILY,8/16/11,10/16/11,2,0,0.0302,-0.0302,-0.6385,-1.8,-1.6,0.2
RILY,8/16/11,11/16/11,3,-0.0833,0.0429,-0.1262,-0.6385,-1.8,-1.6,0.2
RILY,5/17/11,6/17/11,1,-0.0323,-0.0412,0.009,0.1419,0.4,-0.4,-0.8
RILY,5/17/11,7/17/11,2,-0.0323,-0.0062,-0.026,0.1419,0.4,-0.4,-0.8
RILY,5/17/11,8/17/11,3,-0.6129,-0.0969,-0.516,0.1419,0.4,-0.4,-0.8
RILY,4/1/11,5/1/11,1,0.1667,0.0246,0.142,-0.2838,-0.8,-1.4,-0.6
RILY,4/1/11,6/1/11,2,0,-0.0096,0.0096,-0.2838,-0.8,-1.4,-0.6
RILY,4/1/11,7/1/11,3,0,0.0108,-0.0108,-0.2838,-0.8,-1.4,-0.6
RILY,11/16/10,12/16/10,1,-0.18,0.0564,-0.2364,1.5607,4.4,0.4,-4
RILY,11/16/10,1/16/11,2,0.1,0.1,0,1.5607,4.4,0.4,-4
RILY,11/16/10,2/16/11,3,-0.24,0.1387,-0.3787,1.5607,4.4,0.4,-4
RILY,8/17/10,9/17/10,1,-0.5176,0.032,-0.5496,-1.3479,-3.8,-4.8,-1
RILY,8/17/10,10/17/10,2,-0.3529,0.0798,-0.4327,-1.3479,-3.8,-4.8,-1
RILY,8/17/10,11/17/10,3,-0.3529,0.0845,-0.4375,-1.3479,-3.8,-4.8,-1
RILY,5/18/10,6/18/10,1,-0.0833,-0.0012,-0.0821,0.0709,0.2,-2.2,-2.4
RILY,5/18/10,7/18/10,2,-0.3056,-0.0466,-0.259,0.0709,0.2,-2.2,-2.4
RILY,5/18/10,8/18/10,3,-0.6056,-0.0186,-0.587,0.0709,0.2,-2.2,-2.4
RILY,3/31/10,4/30/10,1,-0.1364,0.0155,-0.1518,-1.0641,-3,-3.2,-0.2
RILY,3/31/10,5/31/10,2,-0.1818,-0.0652,-0.1166,-1.0641,-3,-3.2,-0.2
RILY,3/31/10,6/30/10,3,-0.3136,-0.1136,-0.2001,-1.0641,-3,-3.2,-0.2
RILY,11/17/09,12/17/09,1,-0.1772,-0.0104,-0.1668,1.0641,3,3.4,0.4
RILY,11/17/09,1/17/10,2,-0.0886,0.0262,-0.1148,1.0641,3,3.4,0.4
RILY,11/17/09,2/17/10,3,-0.0506,-0.0044,-0.0463,1.0641,3,3.4,0.4
IBRX,3/4/25,4/4/25,1,-0.0327,-0.035,0.0023,1.1249,0.11,-0.09,-0.2
IBRX,3/4/25,5/4/25,2,-0.0327,-0.035,0.0023,1.1249,0.11,-0.09,-0.2
IBRX,3/4/25,6/4/25,3,-0.0327,-0.035,0.0023,1.1249,0.11,-0.09,-0.2
IBRX,11/13/24,12/13/24,1,-0.4107,0.0183,-0.429,0.6136,0.06,-0.12,-0.18
IBRX,11/13/24,1/13/25,2,-0.4908,-0.0169,-0.4739,0.6136,0.06,-0.12,-0.18
IBRX,11/13/24,2/13/25,3,-0.3183,0.0311,-0.3493,0.6136,0.06,-0.12,-0.18
IBRX,8/13/24,9/13/24,1,-0.0773,0.0336,-0.1109,-0.3068,-0.03,-0.2,-0.17
IBRX,8/13/24,10/13/24,2,-0.0593,0.0692,-0.1284,-0.3068,-0.03,-0.2,-0.17
IBRX,8/13/24,11/13/24,3,0.2448,0.1016,0.1432,-0.3068,-0.03,-0.2,-0.17
IBRX,5/10/24,6/10/24,1,-0.2769,0.0283,-0.3053,-0.4091,-0.04,-0.2,-0.16
IBRX,5/10/24,7/10/24,2,-0.2375,0.0811,-0.3186,-0.4091,-0.04,-0.2,-0.16
IBRX,5/10/24,8/10/24,3,-0.4739,0.0265,-0.5004,-0.4091,-0.04,-0.2,-0.16
IBRX,3/20/24,4/20/24,1,-0.1459,-0.0518,-0.0941,-1.7385,-0.17,-0.35,-0.18
IBRX,3/20/24,5/20/24,2,0.141,0.0151,0.126,-1.7385,-0.17,-0.35,-0.18
IBRX,3/20/24,6/20/24,3,0.0535,0.0475,0.006,-1.7385,-0.17,-0.35,-0.18
IBRX,11/10/23,12/10/23,1,-0.0029,0.0455,-0.0484,0.6136,0.06,-0.19,-0.25
IBRX,11/10/23,1/10/24,2,0.218,0.087,0.131,0.6136,0.06,-0.19,-0.25
IBRX,11/10/23,2/10/24,3,0.3314,0.1432,0.1882,0.6136,0.06,-0.19,-0.25
IBRX,8/9/23,9/9/23,1,-0.2565,-0.0009,-0.2556,-0.9204,-0.09,-0.32,-0.23
IBRX,8/9/23,10/9/23,2,-0.1816,-0.0271,-0.1544,-0.9204,-0.09,-0.32,-0.23
IBRX,8/9/23,11/9/23,3,0.6398,-0.0236,0.6634,-0.9204,-0.09,-0.32,-0.23
BBAI,3/7/25,4/7/25,1,-0.0605,0.0037,-0.0642,-2.6226,-0.39,-0.43,-0.04
BBAI,3/7/25,5/7/25,2,-0.0605,0.0037,-0.0642,-2.6226,-0.39,-0.43,-0.04
BBAI,3/7/25,6/7/25,3,-0.0605,0.0037,-0.0642,-2.6226,-0.39,-0.43,-0.04
BBAI,11/6/24,12/6/24,1,0.9425,0.0205,0.922,0.0672,0.01,-0.05,-0.06
BBAI,11/6/24,1/6/25,2,1.4713,0.0029,1.4683,0.0672,0.01,-0.05,-0.06
BBAI,11/6/24,2/6/25,3,2.8908,0.0214,2.8694,0.0672,0.01,-0.05,-0.06
BBAI,8/2/24,9/2/24,1,0.2823,0.0895,0.1928,0.1345,0.02,-0.05,-0.07
BBAI,8/2/24,10/2/24,2,0.1129,0.1029,0.01,0.1345,0.02,-0.05,-0.07
BBAI,8/2/24,11/2/24,3,0.2742,0.1071,0.1671,0.1345,0.02,-0.05,-0.07
BBAI,5/3/24,6/3/24,1,-0.0199,0.0217,-0.0416,-1.0087,-0.15,-0.21,-0.06
BBAI,5/3/24,7/3/24,2,-0.0199,0.071,-0.0909,-1.0087,-0.15,-0.21,-0.06
BBAI,5/3/24,8/3/24,3,-0.1126,0.0349,-0.1475,-1.0087,-0.15,-0.21,-0.06
BBAI,3/8/24,4/8/24,1,-0.2149,0.0177,-0.2326,-0.6052,-0.09,-0.14,-0.05
BBAI,3/8/24,5/8/24,2,-0.3843,0.0147,-0.399,-0.6052,-0.09,-0.14,-0.05
BBAI,3/8/24,6/8/24,3,-0.405,0.0477,-0.4527,-0.6052,-0.09,-0.14,-0.05
BBAI,11/8/23,12/8/23,1,0.1299,0.0608,0.0691,0.6725,0.1,0.03,-0.07
BBAI,11/8/23,1/8/24,2,0.4221,0.0984,0.3237,0.6725,0.1,0.03,-0.07
BBAI,11/8/23,2/8/24,3,0.1169,0.1533,-0.0364,0.6725,0.1,0.03,-0.07
BBAI,8/9/23,9/9/23,1,0.0764,-0.0009,0.0773,-0.3362,-0.05,-0.12,-0.07
BBAI,8/9/23,10/9/23,2,-0.0191,-0.0271,0.008,-0.3362,-0.05,-0.12,-0.07
BBAI,8/9/23,11/9/23,3,-0.0191,-0.0236,0.0045,-0.3362,-0.05,-0.12,-0.07
BBAI,5/10/23,6/10/23,1,-0.1873,0.0431,-0.2304,-0.8742,-0.13,-0.19,-0.06
BBAI,5/10/23,7/10/23,2,-0.1673,0.0708,-0.2381,-0.8742,-0.13,-0.19,-0.06
BBAI,5/10/23,8/10/23,3,-0.3745,0.086,-0.4605,-0.8742,-0.13,-0.19,-0.06
TLRY,1/11/25,2/11/25,1,-0.2034,0.0411,-0.2445,-0.0886,-0.06,-0.1,-0.04
TLRY,1/11/25,3/11/25,2,-0.4831,-0.0438,-0.4392,-0.0886,-0.06,-0.1,-0.04
TLRY,1/11/25,4/11/25,3,-0.4456,-0.0322,-0.4134,-0.0886,-0.06,-0.1,-0.04
TLRY,10/11/24,11/11/24,1,-0.1195,0.0247,-0.1442,0,0,-0.04,-0.04
TLRY,10/11/24,12/11/24,2,-0.2075,0.0396,-0.2471,0,0,-0.04,-0.04
TLRY,10/11/24,1/11/25,3,-0.2264,-0.0032,-0.2232,0,0,-0.04,-0.04
TLRY,7/30/24,8/30/24,1,-0.1576,0.0234,-0.181,-0.0295,-0.02,-0.04,-0.02
TLRY,7/30/24,9/30/24,2,-0.133,0.0449,-0.1779,-0.0295,-0.02,-0.04,-0.02
TLRY,7/30/24,10/30/24,3,-0.1675,0.0562,-0.2237,-0.0295,-0.02,-0.04,-0.02
TLRY,4/10/24,5/10/24,1,0.0158,0.0055,0.0103,-0.1033,-0.07,-0.12,-0.05
TLRY,4/10/24,6/10/24,2,-0.0632,0.0341,-0.0973,-0.1033,-0.07,-0.12,-0.05
TLRY,4/10/24,7/10/24,3,-0.0368,0.0871,-0.124,-0.1033,-0.07,-0.12,-0.05
TLRY,10/5/23,11/5/23,1,-0.068,0.012,-0.08,-0.0738,-0.05,-0.1,-0.05
TLRY,10/5/23,12/5/23,2,-0.0922,0.063,-0.1552,-0.0738,-0.05,-0.1,-0.05
TLRY,10/5/23,1/5/24,3,0.1068,0.0938,0.013,-0.0738,-0.05,-0.1,-0.05
TLRY,7/27/23,8/27/23,1,0.0308,-0.0371,0.0679,-0.1476,-0.1,-0.15,-0.05
TLRY,7/27/23,9/27/23,2,0.0573,-0.0643,0.1215,-0.1476,-0.1,-0.15,-0.05
TLRY,7/27/23,10/27/23,3,-0.2467,-0.098,-0.1487,-0.1476,-0.1,-0.15,-0.05
TLRY,4/11/23,5/11/23,1,-0.0122,0.01,-0.0222,-2.7165,-1.84,-1.9,-0.06
TLRY,4/11/23,6/11/23,2,-0.3537,0.0535,-0.4072,-2.7165,-1.84,-1.9,-0.06
TLRY,4/11/23,7/11/23,3,-0.2805,0.0884,-0.3688,-2.7165,-1.84,-1.9,-0.06
MSTR,2/6/25,3/6/25,1,-0.0716,-0.0467,-0.0249,-0.2469,-3.23,-3.3,-0.07
MSTR,2/6/25,4/6/25,2,-0.0658,-0.0634,-0.0023,-0.2469,-3.23,-3.3,-0.07
MSTR,2/6/25,5/6/25,3,-0.0658,-0.0634,-0.0023,-0.2469,-3.23,-3.3,-0.07
MSTR,10/31/24,11/30/24,1,0.6868,0.0552,0.6316,-0.1208,-1.58,-1.72,-0.14
MSTR,10/31/24,12/31/24,2,0.2608,0.0298,0.231,-0.1208,-1.58,-1.72,-0.14
MSTR,10/31/24,1/31/25,3,0.4574,0.0574,0.4,-0.1208,-1.58,-1.72,-0.14
MSTR,8/2/24,9/2/24,1,0.0116,0.0895,-0.0779,-0.0428,-0.56,-0.57,-0.01
MSTR,8/2/24,10/2/24,2,0.2578,0.1029,0.1549,-0.0428,-0.56,-0.57,-0.01
MSTR,8/2/24,11/2/24,3,0.7549,0.1071,0.6478,-0.0428,-0.56,-0.57,-0.01
MSTR,4/30/24,5/30/24,1,0.4986,0.0445,0.4541,-0.6575,-8.6,-8.26,0.34
MSTR,4/30/24,6/30/24,2,0.3396,0.0912,0.2484,-0.6575,-8.6,-8.26,0.34
MSTR,4/30/24,7/30/24,3,0.56,0.0867,0.4732,-0.6575,-8.6,-8.26,0.34
MSTR,2/7/24,3/7/24,1,1.2116,0.0331,1.1785,0.3876,5.07,5.62,0.55
MSTR,2/7/24,4/7/24,2,1.4481,0.0436,1.4045,0.3876,5.07,5.62,0.55
MSTR,2/7/24,5/7/24,3,1.1392,0.041,1.0982,0.3876,5.07,5.62,0.55
MSTR,11/2/23,12/2/23,1,0.1624,0.0562,0.1063,-0.7393,-9.67,-8.98,0.69
MSTR,11/2/23,1/2/24,2,0.5093,0.0917,0.4176,-0.7393,-9.67,-8.98,0.69
MSTR,11/2/23,2/2/24,3,0.1017,0.1419,-0.0402,-0.7393,-9.67,-8.98,0.69
MSTR,8/2/23,9/2/23,1,-0.0986,0.0052,-0.1038,0.2194,2.87,2.35,-0.52
MSTR,8/2/23,10/2/23,2,-0.155,-0.0446,-0.1103,0.2194,2.87,2.35,-0.52
MSTR,8/2/23,11/2/23,3,0.1634,-0.0369,0.2003,0.2194,2.87,2.35,-0.52
MSTR,5/2/23,6/2/23,1,-0.007,0.0488,-0.0557,2.4365,31.87,30.59,-1.28
MSTR,5/2/23,7/2/23,2,0.1255,0.0905,0.035,2.4365,31.87,30.59,-1.28
MSTR,5/2/23,8/2/23,3,0.3388,0.1073,0.2315,2.4365,31.87,30.59,-1.28
LUNR,3/25/25,4/25/25,1,-0.1502,-0.0134,-0.1368,-1.2743,-2.35,-2.43,-0.08
LUNR,3/25/25,5/25/25,2,-0.1502,-0.0134,-0.1368,-1.2743,-2.35,-2.43,-0.08
LUNR,3/25/25,6/25/25,3,-0.1502,-0.0134,-0.1368,-1.2743,-2.35,-2.43,-0.08
LUNR,11/15/24,12/15/24,1,0.0004,0.0273,-0.0269,-0.385,-0.71,-0.83,-0.12
LUNR,11/15/24,1/15/25,2,0.6421,0.0113,0.6309,-0.385,-0.71,-0.83,-0.12
LUNR,11/15/24,2/15/25,3,0.6798,0.0401,0.6397,-0.385,-0.71,-0.83,-0.12
LUNR,8/14/24,9/14/24,1,0.5099,0.0162,0.4937,0.2928,0.54,0.29,-0.25
LUNR,8/14/24,10/14/24,2,0.9261,0.0597,0.8664,0.2928,0.54,0.29,-0.25
LUNR,8/14/24,11/14/24,3,1.5197,0.0761,1.4436,0.2928,0.54,0.29,-0.25
LUNR,5/15/24,6/15/24,1,-0.2693,0.0267,-0.296,-1.6105,-2.97,-2.7,0.27
LUNR,5/15/24,7/15/24,2,-0.1846,0.0655,-0.2501,-1.6105,-2.97,-2.7,0.27
LUNR,5/15/24,8/15/24,3,-0.2354,0.0495,-0.2849,-1.6105,-2.97,-2.7,0.27
LUNR,3/22/24,4/22/24,1,-0.161,-0.0386,-0.1224,0.4121,0.76,0.4,-0.36
LUNR,3/22/24,5/22/24,2,-0.1772,0.0194,-0.1966,0.4121,0.76,0.4,-0.36
LUNR,3/22/24,6/22/24,3,-0.4049,0.051,-0.4559,0.4121,0.76,0.4,-0.36
LUNR,11/14/23,12/14/23,1,-0.0526,0.0497,-0.1023,0.7429,1.37,1.13,-0.24
LUNR,11/14/23,1/14/24,2,-0.1579,0.0643,-0.2222,0.7429,1.37,1.13,-0.24
LUNR,11/14/23,2/14/24,3,0.6382,0.1132,0.5249,0.7429,1.37,1.13,-0.24
LUNR,8/15/23,9/15/23,1,-0.2762,0.012,-0.2882,0.9652,1.78,1.52,-0.26
LUNR,8/15/23,10/15/23,2,-0.3705,-0.0151,-0.3554,0.9652,1.78,1.52,-0.26
LUNR,8/15/23,11/15/23,3,-0.4786,0.0264,-0.505,0.9652,1.78,1.52,-0.26
ZIM,3/13/25,4/13/25,1,0.031,-0.0003,0.0313,1.2521,1.5,4.66,3.16
ZIM,3/13/25,5/13/25,2,0.031,-0.0003,0.0313,1.2521,1.5,4.66,3.16
ZIM,3/13/25,6/13/25,3,0.031,-0.0003,0.0313,1.2521,1.5,4.66,3.16
ZIM,11/21/24,12/21/24,1,-0.0782,-0.004,-0.0742,1.9115,2.29,9.34,7.05
ZIM,11/21/24,1/21/25,2,-0.1815,0.0161,-0.1976,1.9115,2.29,9.34,7.05
ZIM,11/21/24,2/21/25,3,0.0538,0.0108,0.043,1.9115,2.29,9.34,7.05
ZIM,8/20/24,9/20/24,1,-0.033,0.0167,-0.0497,1.0768,1.29,3.08,1.79
ZIM,8/20/24,10/20/24,2,0.1025,0.046,0.0565,1.0768,1.29,3.08,1.79
ZIM,8/20/24,11/20/24,3,0.302,0.0565,0.2455,1.0768,1.29,3.08,1.79
ZIM,5/22/24,6/22/24,1,0.0233,0.0386,-0.0153,-0.5926,-0.71,0.75,1.46
ZIM,5/22/24,7/22/24,2,-0.0756,0.058,-0.1336,-0.5926,-0.71,0.75,1.46
ZIM,5/22/24,8/22/24,3,0.1056,0.0609,0.0447,-0.5926,-0.71,0.75,1.46
ZIM,3/14/24,4/14/24,1,0.0688,0.002,0.0668,0.0501,0.06,-1.23,-1.29
ZIM,3/14/24,5/14/24,2,1.0148,0.0264,0.9884,0.0501,0.06,-1.23,-1.29
ZIM,3/14/24,6/14/24,3,0.9821,0.0646,0.9175,0.0501,0.06,-1.23,-1.29
UAL,1/22/25,2/22/25,1,-0.069,-0.0161,-0.0529,0.9212,0.26,3.26,3
UAL,1/22/25,3/22/25,2,-0.2731,-0.0723,-0.2008,0.9212,0.26,3.26,3
UAL,1/22/25,4/22/25,3,-0.3379,-0.0772,-0.2606,0.9212,0.26,3.26,3
UAL,10/16/24,11/16/24,1,0.2433,0.0058,0.2374,0.5669,0.16,3.33,3.17
UAL,10/16/24,12/16/24,2,0.3021,0.042,0.2601,0.5669,0.16,3.33,3.17
UAL,10/16/24,1/16/25,3,0.447,0.0194,0.4276,0.5669,0.16,3.33,3.17
UAL,7/18/24,8/18/24,1,-0.1223,0.0097,-0.132,0.7441,0.21,4.14,3.93
UAL,7/18/24,9/18/24,2,0.1049,0.0226,0.0823,0.7441,0.21,4.14,3.93
UAL,7/18/24,10/18/24,3,0.547,0.0681,0.4789,0.7441,0.21,4.14,3.93
UAL,4/17/24,5/17/24,1,0.069,0.0599,0.0091,1.4881,0.42,-0.15,-0.57
UAL,4/17/24,6/17/24,2,-0.0206,0.0953,-0.1159,1.4881,0.42,-0.15,-0.57
UAL,4/17/24,7/17/24,3,-0.0871,0.1185,-0.2057,1.4881,0.42,-0.15,-0.57
UAL,1/23/24,2/23/24,1,0.1143,0.0463,0.0681,1.0984,0.31,2,1.69
UAL,1/23/24,3/23/24,2,0.1379,0.0771,0.0607,1.0984,0.31,2,1.69
UAL,1/23/24,4/23/24,3,0.323,0.045,0.278,1.0984,0.31,2,1.69
UAL,10/18/23,11/18/23,1,0.1035,0.0571,0.0464,1.0629,0.3,3.65,3.35
UAL,10/18/23,12/18/23,2,0.1749,0.1113,0.0636,1.0629,0.3,3.65,3.35
UAL,10/18/23,1/18/24,3,0.1038,0.1219,-0.0181,1.0629,0.3,3.65,3.35
UAL,7/20/23,8/20/23,1,-0.1477,-0.0347,-0.113,3.5431,1,5.03,4.03
UAL,7/20/23,9/20/23,2,-0.23,-0.0265,-0.2035,3.5431,1,5.03,4.03
UAL,7/20/23,10/20/23,3,-0.3909,-0.0652,-0.3257,3.5431,1,5.03,4.03
UAL,4/19/23,5/19/23,1,0.059,0.0164,0.0427,0.3543,0.1,-0.63,-0.73
UAL,4/19/23,6/19/23,2,0.1918,0.0709,0.1209,0.3543,0.1,-0.63,-0.73
UAL,4/19/23,7/19/23,3,0.2208,0.1093,0.1115,0.3543,0.1,-0.63,-0.73
RIOT,2/25/25,3/25/25,1,-0.0481,-0.0292,-0.0189,0.545,0.26,0.44,0.18
RIOT,2/25/25,4/25/25,2,-0.1566,-0.0536,-0.103,0.545,0.26,0.44,0.18
RIOT,2/25/25,5/25/25,3,-0.1566,-0.0536,-0.103,0.545,0.26,0.44,0.18
RIOT,10/31/24,11/30/24,1,0.34,0.0552,0.2849,-0.7965,-0.38,-0.54,-0.16
RIOT,10/31/24,12/31/24,2,0.0816,0.0298,0.0518,-0.7965,-0.38,-0.54,-0.16
RIOT,10/31/24,1/31/25,3,0.2585,0.0574,0.201,-0.7965,-0.38,-0.54,-0.16
RIOT,8/1/24,9/1/24,1,-0.1214,0.0578,-0.1791,-0.5659,-0.27,-0.41,-0.14
RIOT,8/1/24,10/1/24,2,-0.1739,0.0703,-0.2442,-0.5659,-0.27,-0.41,-0.14
RIOT,8/1/24,11/1/24,3,0.1015,0.0749,0.0267,-0.5659,-0.27,-0.41,-0.14
RIOT,5/2/24,6/2/24,1,-0.0653,0.0314,-0.0967,1.9913,0.95,0.81,-0.14
RIOT,5/2/24,7/2/24,2,-0.0672,0.0772,-0.1444,1.9913,0.95,0.81,-0.14
RIOT,5/2/24,8/2/24,3,-0.1775,0.0456,-0.2232,1.9913,0.95,0.81,-0.14
RIOT,2/24/24,3/24/24,1,-0.3437,0.0333,-0.377,1.5302,0.73,0.45,-0.28
RIOT,2/24/24,4/24/24,2,-0.3161,0.002,-0.318,1.5302,0.73,0.45,-0.28
RIOT,2/24/24,5/24/24,3,-0.403,0.0496,-0.4526,1.5302,0.73,0.45,-0.28
RIOT,11/8/23,12/8/23,1,0.5504,0.0608,0.4897,-0.1048,-0.05,-0.25,-0.2
RIOT,11/8/23,1/8/24,2,0.5681,0.0984,0.4697,-0.1048,-0.05,-0.25,-0.2
RIOT,11/8/23,2/8/24,3,0.2782,0.1533,0.1249,-0.1048,-0.05,-0.25,-0.2
RIOT,8/10/23,9/10/23,1,-0.281,-0.0003,-0.2807,0.0838,0.04,-0.17,-0.21
RIOT,8/10/23,10/10/23,2,-0.3329,-0.0215,-0.3114,0.0838,0.04,-0.17,-0.21
RIOT,8/10/23,11/10/23,3,-0.3198,-0.0078,-0.3119,0.0838,0.04,-0.17,-0.21
RIOT,5/11/23,6/11/23,1,-0.0264,0.0445,-0.0709,-0.3354,-0.16,-0.33,-0.17
RIOT,5/11/23,7/11/23,2,0.6503,0.079,0.5713,-0.3354,-0.16,-0.33,-0.17
RIOT,5/11/23,8/11/23,3,0.4354,0.0868,0.3487,-0.3354,-0.16,-0.33,-0.17
NKLA,11/1/24,12/1/24,1,-0.3891,0.0575,-0.4465,-2.5893,-0.4,-2.75,-2.35
NKLA,11/1/24,1/1/25,2,-0.6383,0.032,-0.6703,-2.5893,-0.4,-2.75,-2.35
NKLA,11/1/24,2/1/25,3,-0.7598,0.0597,-0.8196,-2.5893,-0.4,-2.75,-2.35
NKLA,8/10/24,9/10/24,1,-0.3603,0.0291,-0.3895,1.1652,0.18,-2.67,-2.85
NKLA,8/10/24,10/10/24,2,-0.4576,0.0837,-0.5413,1.1652,0.18,-2.67,-2.85
NKLA,8/10/24,11/10/24,3,-0.6234,0.1252,-0.7486,1.1652,0.18,-2.67,-2.85
NKLA,5/8/24,6/8/24,1,-0.1391,0.0266,-0.1657,0.0647,0.01,-0.09,-0.1
NKLA,5/8/24,7/8/24,2,-0.3929,0.0709,-0.4639,0.0647,0.01,-0.09,-0.1
NKLA,5/8/24,8/8/24,3,-0.5486,0.0234,-0.572,0.0647,0.01,-0.09,-0.1
NKLA,2/23/24,3/23/24,1,-0.0837,0.0333,-0.117,0.1295,0.02,-0.11,-0.13
NKLA,2/23/24,4/23/24,2,-0.1211,0.0024,-0.1235,0.1295,0.02,-0.11,-0.13
NKLA,2/23/24,5/23/24,3,-0.2687,0.0427,-0.3114,0.1295,0.02,-0.11,-0.13
NKLA,11/3/23,12/3/23,1,-0.0685,0.0537,-0.1222,-1.0357,-0.16,-0.3,-0.14
NKLA,11/3/23,1/3/24,2,-0.324,0.0803,-0.4044,-1.0357,-0.16,-0.3,-0.14
NKLA,11/3/23,2/3/24,3,-0.3351,0.1392,-0.4743,-1.0357,-0.16,-0.3,-0.14
NKLA,8/5/23,9/5/23,1,-0.5105,-0.0033,-0.5072,0.1295,0.02,-0.2,-0.22
NKLA,8/5/23,10/5/23,2,-0.431,-0.0548,-0.3761,0.1295,0.02,-0.2,-0.22
NKLA,8/5/23,11/5/23,3,-0.523,-0.0321,-0.4909,0.1295,0.02,-0.2,-0.22
NKLA,5/10/23,6/10/23,1,-0.1505,0.0431,-0.1936,0,0,-0.26,-0.26
NKLA,5/10/23,7/10/23,2,0.7771,0.0708,0.7063,0,0,-0.26,-0.26
NKLA,5/10/23,8/10/23,3,1.3614,0.086,1.2755,0,0,-0.26,-0.26
NKLA,2/24/23,3/24/23,1,-0.3243,-0.0012,-0.3231,0.3884,0.06,-0.37,-0.43
NKLA,2/24/23,4/24/23,2,-0.6305,0.0414,-0.672,0.3884,0.06,-0.37,-0.43
NKLA,2/24/23,5/24/23,3,-0.6524,0.0375,-0.6899,0.3884,0.06,-0.37,-0.43
NKLA,11/4/22,12/4/22,1,-0.0035,0.071,-0.0745,0.712,0.11,-0.28,-0.39
NKLA,11/4/22,1/4/23,2,-0.1958,0.0147,-0.2105,0.712,0.11,-0.28,-0.39
NKLA,11/4/22,2/4/23,3,-0.0385,0.0903,-0.1287,0.712,0.11,-0.28,-0.39
NKLA,8/5/22,9/5/22,1,-0.3235,-0.0502,-0.2732,0.1942,0.03,-0.25,-0.28
NKLA,8/5/22,10/5/22,2,-0.525,-0.0832,-0.4419,0.1942,0.03,-0.25,-0.28
NKLA,8/5/22,11/5/22,3,-0.62,-0.085,-0.5351,0.1942,0.03,-0.25,-0.28
NKLA,5/6/22,6/6/22,1,0.1094,0.0342,0.0752,0.3884,0.06,-0.21,-0.27
NKLA,5/6/22,7/6/22,2,-0.1145,-0.0333,-0.0812,0.3884,0.06,-0.21,-0.27
NKLA,5/6/22,8/6/22,3,0.3761,0.0429,0.3332,0.3884,0.06,-0.21,-0.27
AAL,1/24/25,2/24/25,1,-0.1099,-0.0036,-0.1063,1.763,0.22,0.86,0.64
AAL,1/24/25,3/24/25,2,-0.3122,-0.0393,-0.2729,1.763,0.22,0.86,0.64
AAL,1/24/25,4/24/25,3,-0.4012,-0.0613,-0.3399,1.763,0.22,0.86,0.64
AAL,10/25/24,11/25/24,1,0.0971,0.0288,0.0683,1.1219,0.14,0.3,0.16
AAL,10/25/24,12/25/24,2,0.2757,0.0387,0.237,1.1219,0.14,0.3,0.16
AAL,10/25/24,1/25/25,3,0.2471,0.0502,0.1968,1.1219,0.14,0.3,0.16
AAL,7/26/24,8/26/24,1,-0.0211,0.0294,-0.0505,0.3205,0.04,1.09,1.05
AAL,7/26/24,9/26/24,2,0.1304,0.0538,0.0766,0.3205,0.04,1.09,1.05
AAL,7/26/24,10/26/24,3,0.2608,0.0662,0.1946,0.3205,0.04,1.09,1.05
AAL,4/26/24,5/26/24,1,-0.01,0.038,-0.048,-0.4007,-0.05,-0.34,-0.29
AAL,4/26/24,6/26/24,2,-0.2046,0.073,-0.2775,-0.4007,-0.05,-0.34,-0.29
AAL,4/26/24,7/26/24,3,-0.2403,0.0708,-0.3112,-0.4007,-0.05,-0.34,-0.29
AAL,1/26/24,2/26/24,1,0.0228,0.03,-0.0072,1.5226,0.19,0.29,0.1
AAL,1/26/24,3/26/24,2,-0.0013,0.0593,-0.0607,1.5226,0.19,0.29,0.1
AAL,1/26/24,4/26/24,3,-0.071,0.0378,-0.1087,1.5226,0.19,0.29,0.1
AAL,10/20/23,11/20/23,1,0.0983,0.0804,0.0179,1.0418,0.13,0.38,0.25
AAL,10/20/23,12/20/23,2,0.2383,0.1182,0.1201,1.0418,0.13,0.38,0.25
AAL,10/20/23,1/20/24,3,0.2099,0.152,0.0579,1.0418,0.13,0.38,0.25
AAL,7/21/23,8/21/23,1,-0.1019,-0.0327,-0.0692,2.6445,0.33,1.92,1.59
AAL,7/21/23,9/21/23,2,-0.2263,-0.0469,-0.1794,2.6445,0.33,1.92,1.59
AAL,7/21/23,10/21/23,3,-0.3436,-0.0694,-0.2742,2.6445,0.33,1.92,1.59
AAL,4/28/23,5/28/23,1,0.0331,0.0109,0.0223,0,0,0.05,0.05
AAL,4/28/23,6/28/23,2,0.2635,0.0542,0.2093,0,0,0.05,0.05
AAL,4/28/23,7/28/23,3,0.2088,0.1037,0.105,0,0,0.05,0.05
LCID,2/26/25,3/26/25,1,0.0561,-0.0252,0.0813,0.6626,0.03,-0.22,-0.25
LCID,2/26/25,4/26/25,2,0.1345,-0.0383,0.1728,0.6626,0.03,-0.22,-0.25
LCID,2/26/25,5/26/25,3,0.1345,-0.0383,0.1728,0.6626,0.03,-0.22,-0.25
LCID,11/8/24,12/8/24,1,-0.0171,0.0151,-0.0322,0.4417,0.02,-0.28,-0.3
LCID,11/8/24,1/8/25,2,0.2735,-0.0122,0.2857,0.4417,0.02,-0.28,-0.3
LCID,11/8/24,2/8/25,3,0.2094,0.0067,0.2027,0.4417,0.02,-0.28,-0.3
LCID,8/6/24,9/6/24,1,0.2268,0.0418,0.185,-0.6626,-0.03,-0.29,-0.26
LCID,8/6/24,10/6/24,2,0.1478,0.1081,0.0396,-0.6626,-0.03,-0.29,-0.26
LCID,8/6/24,11/6/24,3,-0.268,0.143,-0.4111,-0.6626,-0.03,-0.29,-0.26
LCID,5/7/24,6/7/24,1,0.0074,0.0325,-0.0251,-1.1043,-0.05,-0.3,-0.25
LCID,5/7/24,7/7/24,2,0.0812,0.0759,0.0053,-1.1043,-0.05,-0.3,-0.25
LCID,5/7/24,8/7/24,3,0.0738,0.0061,0.0677,-1.1043,-0.05,-0.3,-0.25
LCID,2/22/24,3/22/24,1,-0.0828,0.0295,-0.1123,0,0,-0.3,-0.3
LCID,2/22/24,4/22/24,2,-0.2119,-0.013,-0.199,0,0,-0.3,-0.3
LCID,2/22/24,5/22/24,3,-0.043,0.0465,-0.0896,0,0,-0.3,-0.3
LCID,11/8/23,12/8/23,1,0.2597,0.0608,0.1989,0.8835,0.04,-0.31,-0.35
LCID,11/8/23,1/8/24,2,0.012,0.0984,-0.0864,0.8835,0.04,-0.31,-0.35
LCID,11/8/23,2/8/24,3,-0.0652,0.1533,-0.2185,0.8835,0.04,-0.31,-0.35
LCID,8/8/23,9/8/23,1,-0.1751,-0.0005,-0.1746,-1.9878,-0.09,-0.42,-0.33
LCID,8/8/23,10/8/23,2,-0.2754,-0.033,-0.2425,-1.9878,-0.09,-0.42,-0.33
LCID,8/8/23,11/8/23,3,-0.4421,-0.0156,-0.4265,-1.9878,-0.09,-0.42,-0.33
LCID,5/9/23,6/9/23,1,-0.1327,0.0413,-0.174,0.4417,0.02,-0.39,-0.41
LCID,5/9/23,7/9/23,2,0.0405,0.0662,-0.0257,0.4417,0.02,-0.39,-0.41
LCID,5/9/23,8/9/23,3,-0.0112,0.0837,-0.0949,0.4417,0.02,-0.39,-0.41
IONQ,2/27/25,3/27/25,1,-0.0374,-0.0427,0.0053,-2.8222,-0.68,-0.93,-0.25
IONQ,2/27/25,4/27/25,2,-0.0562,-0.0531,-0.0031,-2.8222,-0.68,-0.93,-0.25
IONQ,2/27/25,5/27/25,3,-0.0562,-0.0531,-0.0031,-2.8222,-0.68,-0.93,-0.25
IONQ,11/7/24,12/7/24,1,0.5317,0.0161,0.5156,-0.083,-0.02,-0.24,-0.22
IONQ,11/7/24,1/7/25,2,1.0004,-0.0127,1.0131,-0.083,-0.02,-0.24,-0.22
IONQ,11/7/24,2/7/25,3,0.6365,0.0077,0.6289,-0.083,-0.02,-0.24,-0.22
IONQ,8/8/24,9/8/24,1,-0.0449,0.0138,-0.0588,0.166,0.04,-0.18,-0.22
IONQ,8/8/24,10/8/24,2,0.3413,0.0787,0.2626,0.166,0.04,-0.18,-0.22
IONQ,8/8/24,11/8/24,3,2.4817,0.1258,2.356,0.166,0.04,-0.18,-0.22
IONQ,5/9/24,6/9/24,1,-0.0976,0.0253,-0.1229,0.249,0.06,-0.19,-0.25
IONQ,5/9/24,7/9/24,2,-0.0896,0.0706,-0.1602,0.249,0.06,-0.19,-0.25
IONQ,5/9/24,8/9/24,3,-0.1825,0.0266,-0.2092,0.249,0.06,-0.19,-0.25
IONQ,2/29/24,3/29/24,1,-0.0629,0.0231,-0.0859,0,0,-0.2,-0.2
IONQ,2/29/24,4/29/24,2,-0.1632,-0.0024,-0.1609,0,0,-0.2,-0.2
IONQ,2/29/24,5/29/24,3,-0.2364,0.029,-0.2654,0,0,-0.2,-0.2
IONQ,11/9/23,12/9/23,1,0.2842,0.0445,0.2398,-0.166,-0.04,-0.22,-0.18
IONQ,11/9/23,1/9/24,2,0.1679,0.0799,0.088,-0.166,-0.04,-0.22,-0.18
IONQ,11/9/23,2/9/24,3,0.0469,0.1421,-0.0952,-0.166,-0.04,-0.22,-0.18
IONQ,8/11/23,9/11/23,1,0.3226,0.0008,0.3218,-0.3735,-0.09,-0.22,-0.13
IONQ,8/11/23,10/11/23,2,0.0544,-0.0229,0.0773,-0.3735,-0.09,-0.22,-0.13
IONQ,8/11/23,11/11/23,3,-0.2836,-0.0133,-0.2703,-0.3735,-0.09,-0.22,-0.13
IONQ,5/12/23,6/12/23,1,0.436,0.0503,0.3856,-0.1245,-0.03,-0.14,-0.11
IONQ,5/12/23,7/12/23,2,1.0054,0.0839,0.9215,-0.1245,-0.03,-0.14,-0.11
IONQ,5/12/23,8/12/23,3,1.1403,0.083,1.0573,-0.1245,-0.03,-0.14,-0.11
HCP,12/6/24,1/6/25,1,0.0184,-0.0121,0.0305,1.4935,0.08,0.13,0.05
HCP,12/6/24,2/6/25,2,0.0107,0.0061,0.0046,1.4935,0.08,0.13,0.05
HCP,12/6/24,3/6/25,3,0.0339,-0.0292,0.0631,1.4935,0.08,0.13,0.05
HCP,5/31/24,6/30/24,1,0,0.0344,-0.0344,1.1202,0.06,0.05,-0.01
HCP,5/31/24,7/31/24,2,0.0018,0.047,-0.0452,1.1202,0.06,0.05,-0.01
HCP,5/31/24,8/31/24,3,0.0074,0.0714,-0.064,1.1202,0.06,0.05,-0.01
HCP,3/6/24,4/6/24,1,-0.0194,0.0102,-0.0295,0.7468,0.04,0.05,0.01
HCP,3/6/24,5/6/24,2,0.2458,0.0065,0.2393,0.7468,0.04,0.05,0.01
HCP,3/6/24,6/6/24,3,0.2823,0.0418,0.2405,0.7468,0.04,0.05,0.01
HCP,12/8/23,1/8/24,1,0.0531,0.0315,0.0216,1.3069,0.07,0.03,-0.04
HCP,12/8/23,2/8/24,2,0.1395,0.083,0.0565,1.3069,0.07,0.03,-0.04
HCP,12/8/23,3/8/24,3,0.2485,0.1121,0.1363,1.3069,0.07,0.03,-0.04
HCP,9/1/23,10/1/23,1,-0.1794,-0.0451,-0.1343,0.9335,0.05,-0.1,-0.15
HCP,9/1/23,11/1/23,2,-0.2951,-0.0558,-0.2393,0.9335,0.05,-0.1,-0.15
HCP,9/1/23,12/1/23,3,-0.1366,0.0256,-0.1621,0.9335,0.05,-0.1,-0.15
HCP,6/8/23,7/8/23,1,-0.0432,0.0239,-0.0671,1.3069,0.07,-0.07,-0.14
HCP,6/8/23,8/8/23,2,0.0838,0.0477,0.036,1.3069,0.07,-0.07,-0.14
HCP,6/8/23,9/8/23,3,-0.0267,0.0402,-0.0669,1.3069,0.07,-0.07,-0.14
HCP,3/10/23,4/10/23,1,-0.0503,0.067,-0.1172,2.9871,0.16,-0.07,-0.23
HCP,3/10/23,5/10/23,2,0.0834,0.0754,0.008,2.9871,0.16,-0.07,-0.23
HCP,3/10/23,6/10/23,3,-0.0899,0.1198,-0.2098,2.9871,0.16,-0.07,-0.23
HCP,12/8/22,1/8/23,1,-0.1789,-0.0087,-0.1702,3.3605,0.18,-0.13,-0.31
HCP,12/8/22,2/8/23,2,0.0992,0.049,0.0503,3.3605,0.18,-0.13,-0.31
HCP,12/8/22,3/8/23,3,0.0607,0.019,0.0418,3.3605,0.18,-0.13,-0.31
HCP,9/2/22,10/2/22,1,0.1275,-0.0822,0.2097,2.6137,0.14,-0.17,-0.31
HCP,9/2/22,11/2/22,2,-0.0242,-0.0367,0.0126,2.6137,0.14,-0.17,-0.31
HCP,9/2/22,12/2/22,3,-0.0385,0.0456,-0.0841,2.6137,0.14,-0.17,-0.31
HCP,6/3/22,7/3/22,1,-0.1574,-0.0702,-0.0872,2.2403,0.12,-0.17,-0.29
HCP,6/3/22,8/3/22,2,0.1105,0.0108,0.0997,2.2403,0.12,-0.17,-0.29
HCP,6/3/22,9/3/22,3,-0.1535,-0.0434,-0.1101,2.2403,0.12,-0.17,-0.29
HCP,3/11/22,4/11/22,1,0.6579,0.0582,0.5997,0.1867,0.01,-0.24,-0.25
HCP,3/11/22,5/11/22,2,-0.0031,-0.0552,0.0521,0.1867,0.01,-0.24,-0.25
HCP,3/11/22,6/11/22,3,-0.0727,-0.0623,-0.0104,0.1867,0.01,-0.24,-0.25
ANVS,3/22/25,4/22/25,1,-0.1946,-0.0228,-0.1718,-0.2296,-0.1,-0.43,-0.33
ANVS,3/22/25,5/22/25,2,-0.1946,-0.0228,-0.1718,-0.2296,-0.1,-0.43,-0.33
ANVS,3/22/25,6/22/25,3,-0.1946,-0.0228,-0.1718,-0.2296,-0.1,-0.43,-0.33
ANVS,11/9/24,12/9/24,1,-0.251,0.0099,-0.2609,-1.0101,-0.44,-0.97,-0.53
ANVS,11/9/24,1/9/25,2,-0.3255,-0.0122,-0.3133,-1.0101,-0.44,-0.97,-0.53
ANVS,11/9/24,2/9/25,3,-0.6157,0.0067,-0.6224,-1.0101,-0.44,-0.97,-0.53
ANVS,8/15/24,9/15/24,1,-0.061,0.0139,-0.0749,0.7116,0.31,-0.32,-0.63
ANVS,8/15/24,10/15/24,2,-0.0645,0.0492,-0.1136,0.7116,0.31,-0.32,-0.63
ANVS,8/15/24,11/15/24,3,-0.1981,0.06,-0.2581,0.7116,0.31,-0.32,-0.63
ANVS,5/11/24,6/11/24,1,-0.0117,0.0308,-0.0425,0.1836,0.08,-0.72,-0.8
ANVS,5/11/24,7/11/24,2,0.9139,0.0717,0.8421,0.1836,0.08,-0.72,-0.8
ANVS,5/11/24,8/11/24,3,0.1226,0.0265,0.0961,0.1836,0.08,-0.72,-0.8
ANVS,3/30/24,4/30/24,1,-0.5343,-0.0386,-0.4956,-2.1579,-0.94,-2.24,-1.3
ANVS,3/30/24,5/30/24,2,-0.4983,0.0009,-0.4992,-2.1579,-0.94,-2.24,-1.3
ANVS,3/30/24,6/30/24,3,-0.5184,0.0456,-0.564,-2.1579,-0.94,-2.24,-1.3
ANVS,11/9/23,12/9/23,1,0.7724,0.0445,0.728,-1.2396,-0.54,-1.63,-1.09
ANVS,11/9/23,1/9/24,2,1.2448,0.0799,1.165,-1.2396,-0.54,-1.63,-1.09
ANVS,11/9/23,2/9/24,3,0.8879,0.1421,0.7458,-1.2396,-0.54,-1.63,-1.09
ANVS,8/15/23,9/15/23,1,-0.1808,0.012,-0.1929,0.1607,0.07,-1.07,-1.14
ANVS,8/15/23,10/15/23,2,-0.3926,-0.0151,-0.3775,0.1607,0.07,-1.07,-1.14
ANVS,8/15/23,11/15/23,3,-0.5386,0.0264,-0.5651,0.1607,0.07,-1.07,-1.14
HOOD,2/13/25,3/13/25,1,-0.4482,-0.0956,-0.3526,2.9965,0.57,1.01,0.44
HOOD,2/13/25,4/13/25,2,-0.3542,-0.0772,-0.277,2.9965,0.57,1.01,0.44
HOOD,2/13/25,5/13/25,3,-0.3542,-0.0772,-0.277,2.9965,0.57,1.01,0.44
HOOD,10/31/24,11/30/24,1,0.5661,0.0552,0.5109,-0.0526,-0.01,0.17,0.18
HOOD,10/31/24,12/31/24,2,0.5544,0.0298,0.5247,-0.0526,-0.01,0.17,0.18
HOOD,10/31/24,1/31/25,3,1.1673,0.0574,1.1098,-0.0526,-0.01,0.17,0.18
HOOD,8/8/24,9/8/24,1,0.0569,0.0138,0.0431,0.3154,0.06,0.21,0.15
HOOD,8/8/24,10/8/24,2,0.4291,0.0787,0.3504,0.3154,0.06,0.21,0.15
HOOD,8/8/24,11/8/24,3,0.7042,0.1258,0.5785,0.3154,0.06,0.21,0.15
HOOD,5/9/24,6/9/24,1,0.3666,0.0253,0.3413,0.6308,0.12,0.18,0.06
HOOD,5/9/24,7/9/24,2,0.3925,0.0706,0.3219,0.6308,0.12,0.18,0.06
HOOD,5/9/24,8/9/24,3,0.1041,0.0266,0.0775,0.6308,0.12,0.18,0.06
HOOD,2/14/24,3/14/24,1,0.345,0.0258,0.3192,0.2103,0.04,0.03,-0.01
HOOD,2/14/24,4/14/24,2,0.339,0.0208,0.3183,0.2103,0.04,0.03,-0.01
HOOD,2/14/24,5/14/24,3,0.3428,0.0456,0.2971,0.2103,0.04,0.03,-0.01
HOOD,11/8/23,12/8/23,1,0.4792,0.0608,0.4184,0.0526,0.01,-0.09,-0.1
HOOD,11/8/23,1/8/24,2,0.5662,0.0984,0.4678,0.0526,0.01,-0.09,-0.1
HOOD,11/8/23,2/8/24,3,0.4149,0.1533,0.2616,0.0526,0.01,-0.09,-0.1
HOOD,8/3/23,9/3/23,1,-0.0151,0.0098,-0.0249,0.2103,0.04,0.03,-0.01
HOOD,8/3/23,10/3/23,2,-0.1551,-0.0531,-0.102,0.2103,0.04,0.03,-0.01
HOOD,8/3/23,11/3/23,3,-0.141,-0.0237,-0.1173,0.2103,0.04,0.03,-0.01
HOOD,5/11/23,6/11/23,1,0.0767,0.0445,0.0322,0.2103,0.04,-0.57,-0.61
HOOD,5/11/23,7/11/23,2,0.3535,0.079,0.2746,0.2103,0.04,-0.57,-0.61
HOOD,5/11/23,8/11/23,3,0.2265,0.0868,0.1398,0.2103,0.04,-0.57,-0.61
CLF,2/25/25,3/25/25,1,-0.1107,-0.0292,-0.0815,-1.9769,-0.31,-0.92,-0.61
CLF,2/25/25,4/25/25,2,-0.2337,-0.0536,-0.1801,-1.9769,-0.31,-0.92,-0.61
CLF,2/25/25,5/25/25,3,-0.2337,-0.0536,-0.1801,-1.9769,-0.31,-0.92,-0.61
CLF,11/5/24,12/5/24,1,-0.1349,0.0264,-0.1613,-1.5943,-0.25,-0.52,-0.27
CLF,11/5/24,1/5/25,2,-0.3185,0.0049,-0.3234,-1.5943,-0.25,-0.52,-0.27
CLF,11/5/24,2/5/25,3,-0.2496,0.0257,-0.2754,-1.5943,-0.25,-0.52,-0.27
CLF,4/23/24,5/23/24,1,-0.0764,0.0407,-0.1171,-0.2551,-0.04,0.18,0.22
CLF,4/23/24,6/23/24,2,-0.1921,0.0808,-0.273,-0.2551,-0.04,0.18,0.22
CLF,4/23/24,7/23/24,3,-0.1332,0.0992,-0.2324,-0.2551,-0.04,0.18,0.22
CLF,1/30/24,2/29/24,1,0.0374,0.0522,-0.0148,0.0638,0.01,-0.05,-0.06
CLF,1/30/24,3/30/24,2,0.1342,0.0866,0.0476,0.0638,0.01,-0.05,-0.06
CLF,1/30/24,4/30/24,3,-0.1571,0.0428,-0.1999,0.0638,0.01,-0.05,-0.06
CLF,10/24/23,11/24/23,1,0.06,0.0904,-0.0304,0.5739,0.09,0.52,0.43
CLF,10/24/23,12/24/23,2,0.3102,0.139,0.1712,0.5739,0.09,0.52,0.43
CLF,10/24/23,1/24/24,3,0.1541,0.1672,-0.013,0.5739,0.09,0.52,0.43
CLF,7/25/23,8/25/23,1,-0.1526,-0.0341,-0.1185,-0.1275,-0.02,0.67,0.69
CLF,7/25/23,9/25/23,2,-0.1405,-0.0478,-0.0927,-0.1275,-0.02,0.67,0.69
CLF,7/25/23,10/25/23,3,-0.085,-0.0801,-0.0049,-0.1275,-0.02,0.67,0.69
CLF,4/25/23,5/25/23,1,-0.0371,0.0254,-0.0625,0.5102,0.08,-0.11,-0.19
CLF,4/25/23,6/25/23,2,0.0667,0.0753,-0.0086,0.5102,0.08,-0.11,-0.19
CLF,4/25/23,7/25/23,3,0.1846,0.1305,0.0541,0.5102,0.08,-0.11,-0.19
CGC,2/8/25,3/8/25,1,-0.4046,-0.0478,-0.3568,-0.8103,-0.55,-1.11,-0.56
CGC,2/8/25,4/8/25,2,-0.4809,-0.0698,-0.4112,-0.8103,-0.55,-1.11,-0.56
CGC,2/8/25,5/8/25,3,-0.4809,-0.0698,-0.4112,-0.8103,-0.55,-1.11,-0.56
CGC,11/9/24,12/9/24,1,-0.0965,0.0099,-0.1064,-1.6205,-1.1,-1.48,-0.38
CGC,11/9/24,1/9/25,2,-0.3416,-0.0122,-0.3294,-1.6205,-1.1,-1.48,-0.38
CGC,11/9/24,2/9/25,3,-0.5,0.0067,-0.5067,-1.6205,-1.1,-1.48,-0.38
CGC,8/10/24,9/10/24,1,-0.2435,0.0291,-0.2726,-1.6795,-1.14,-1.6,-0.46
CGC,8/10/24,10/10/24,2,-0.3727,0.0837,-0.4564,-1.6795,-1.14,-1.6,-0.46
CGC,8/10/24,11/10/24,3,-0.3318,0.1252,-0.4569,-1.6795,-1.14,-1.6,-0.46
CGC,5/31/24,6/30/24,1,-0.1958,0.0344,-0.2302,-0.8545,-0.58,-1.03,-0.45
CGC,5/31/24,7/31/24,2,-0.0524,0.047,-0.0993,-0.8545,-0.58,-1.03,-0.45
CGC,5/31/24,8/31/24,3,-0.3504,0.0714,-0.4218,-0.8545,-0.58,-1.03,-0.45
CGC,2/10/24,3/10/24,1,-0.1974,0.0214,-0.2188,-3.1232,-2.12,-2.62,-0.5
CGC,2/10/24,4/10/24,2,1.4,0.0294,1.3706,-3.1232,-2.12,-2.62,-0.5
CGC,2/10/24,5/10/24,3,1.3816,0.0429,1.3387,-3.1232,-2.12,-2.62,-0.5
CGC,11/10/23,12/10/23,1,0.4733,0.0455,0.4278,-0.383,-0.26,-0.43,-0.17
CGC,11/10/23,1/10/24,2,-0.1602,0.087,-0.2472,-0.383,-0.26,-0.43,-0.17
CGC,11/10/23,2/10/24,3,-0.2597,0.1432,-0.4029,-0.383,-0.26,-0.43,-0.17
CGC,8/10/23,9/10/23,1,1.3127,-0.0003,1.3129,0.1473,0.1,-0.07,-0.17
CGC,8/10/23,10/10/23,2,0.8089,-0.0215,0.8304,0.1473,0.1,-0.07,-0.17
CGC,8/10/23,11/10/23,3,0.2928,-0.0078,0.3006,0.1473,0.1,-0.07,-0.17
CGC,6/23/23,7/23/23,1,-0.2515,0.0481,-0.2995,-1.5911,-1.08,-1.28,-0.2
CGC,6/23/23,8/23/23,2,-0.1915,0.0269,-0.2184,-1.5911,-1.08,-1.28,-0.2
CGC,6/23/23,9/23/23,3,0.6248,0.0012,0.6236,-1.5911,-1.08,-1.28,-0.2
PANW,2/14/25,3/14/25,1,-0.1245,-0.0796,-0.0449,0.4364,0.03,0.81,0.78
PANW,2/14/25,4/14/25,2,-0.1775,-0.0799,-0.0976,0.4364,0.03,0.81,0.78
PANW,2/14/25,5/14/25,3,-0.1775,-0.0799,-0.0976,0.4364,0.03,0.81,0.78
PANW,11/21/24,12/21/24,1,-0.0256,-0.004,-0.0216,0.5818,0.04,0.78,0.74
PANW,11/21/24,1/21/25,2,-0.0426,0.0161,-0.0587,0.5818,0.04,0.78,0.74
PANW,11/21/24,2/21/25,3,-0.0034,0.0108,-0.0142,0.5818,0.04,0.78,0.74
PANW,8/20/24,9/20/24,1,-0.0546,0.0167,-0.0713,1.4545,0.1,1.51,1.41
PANW,8/20/24,10/20/24,2,0.0419,0.046,-0.004,1.4545,0.1,1.51,1.41
PANW,8/20/24,11/20/24,3,0.0921,0.0565,0.0356,1.4545,0.1,1.51,1.41
PANW,5/21/24,6/21/24,1,0.0381,0.031,0.0071,1.0182,0.07,1.32,1.25
PANW,5/21/24,7/21/24,2,0.0723,0.0395,0.0328,1.0182,0.07,1.32,1.25
PANW,5/21/24,8/21/24,3,0.1658,0.0615,0.1043,1.0182,0.07,1.32,1.25
PANW,2/21/24,3/21/24,1,0.074,0.0322,0.0418,2.3272,0.16,1.46,1.3
PANW,2/21/24,4/21/24,2,0.0369,-0.0213,0.0582,2.3272,0.16,1.46,1.3
PANW,2/21/24,5/21/24,3,0.1637,0.0503,0.1134,2.3272,0.16,1.46,1.3
PANW,11/16/23,12/16/23,1,0.2412,0.0453,0.1958,3.1999,0.22,1.38,1.16
PANW,11/16/23,1/16/24,2,0.3411,0.0578,0.2833,3.1999,0.22,1.38,1.16
PANW,11/16/23,2/16/24,3,0.4799,0.1126,0.3673,3.1999,0.22,1.38,1.16
PANW,8/19/23,9/19/23,1,-0.0193,0.0112,-0.0305,2.3272,0.16,1.44,1.28
PANW,8/19/23,10/19/23,2,0.0512,-0.026,0.0771,2.3272,0.16,1.44,1.28
PANW,8/19/23,11/19/23,3,0.0282,0.0297,-0.0015,2.3272,0.16,1.44,1.28
PANW,5/24/23,6/24/23,1,0.1729,0.0486,0.1243,2.4727,0.17,1.1,0.93
PANW,5/24/23,7/24/23,2,0.17,0.0995,0.0705,2.4727,0.17,1.1,0.93
PANW,5/24/23,8/24/23,3,0.0936,0.0575,0.0361,2.4727,0.17,1.1,0.93
XOM,2/1/25,3/1/25,1,0.0489,-0.006,0.0549,0.7126,0.11,1.67,1.56
XOM,2/1/25,4/1/25,2,0.1215,-0.0587,0.1803,0.7126,0.11,1.67,1.56
XOM,2/1/25,5/1/25,3,0.1215,-0.0587,0.1803,0.7126,0.11,1.67,1.56
XOM,11/2/24,12/2/24,1,0.0018,0.0594,-0.0576,0.2591,0.04,1.92,1.88
XOM,11/2/24,1/2/25,2,-0.0878,0.0295,-0.1173,0.2591,0.04,1.92,1.88
XOM,11/2/24,2/2/25,3,-0.0919,0.0597,-0.1516,0.2591,0.04,1.92,1.88
XOM,8/3/24,9/3/24,1,0.0142,0.0671,-0.0529,0.8422,0.13,2.14,2.01
XOM,8/3/24,10/3/24,2,0.0766,0.1009,-0.0242,0.8422,0.13,2.14,2.01
XOM,8/3/24,11/3/24,3,0.0096,0.1071,-0.0975,0.8422,0.13,2.14,2.01
XOM,4/27/24,5/27/24,1,-0.0443,0.038,-0.0823,-0.9069,-0.14,2.06,2.2
XOM,4/27/24,6/27/24,2,-0.0318,0.0746,-0.1065,-0.9069,-0.14,2.06,2.2
XOM,4/27/24,7/27/24,3,-0.0113,0.0708,-0.0822,-0.9069,-0.14,2.06,2.2
XOM,2/3/24,3/3/24,1,0.0519,0.0412,0.0107,1.7491,0.27,2.48,2.21
XOM,2/3/24,4/3/24,2,0.1857,0.0578,0.1279,1.7491,0.27,2.48,2.21
XOM,2/3/24,5/3/24,3,0.1529,0.0413,0.1116,1.7491,0.27,2.48,2.21
XOM,10/28/23,11/28/23,1,-0.0097,0.0947,-0.1044,-0.6478,-0.1,2.27,2.37
XOM,10/28/23,12/28/23,2,-0.0451,0.1517,-0.1968,-0.6478,-0.1,2.27,2.37
XOM,10/28/23,1/28/24,3,-0.0183,0.1776,-0.1959,-0.6478,-0.1,2.27,2.37
XOM,7/29/23,8/29/23,1,0.0324,-0.0189,0.0512,-0.4535,-0.07,1.94,2.01
XOM,7/29/23,9/29/23,2,0.1054,-0.0629,0.1683,-0.4535,-0.07,1.94,2.01
XOM,7/29/23,10/29/23,3,-0.0077,-0.0997,0.0921,-0.4535,-0.07,1.94,2.01
XOM,4/29/23,5/29/23,1,-0.0766,0.0109,-0.0875,1.5548,0.24,2.83,2.59
XOM,4/29/23,6/29/23,2,-0.0614,0.0583,-0.1197,1.5548,0.24,2.83,2.59
XOM,4/29/23,7/29/23,3,-0.0838,0.1037,-0.1875,1.5548,0.24,2.83,2.59
IRBT,3/13/25,4/13/25,1,-0.3297,-0.0003,-0.3295,-0.636,-0.34,-2.06,-1.72
IRBT,3/13/25,5/13/25,2,-0.3297,-0.0003,-0.3295,-0.636,-0.34,-2.06,-1.72
IRBT,3/13/25,6/13/25,3,-0.3297,-0.0003,-0.3295,-0.636,-0.34,-2.06,-1.72
IRBT,11/7/24,12/7/24,1,0.2826,0.0161,0.2666,0.1684,0.09,0.03,-0.06
IRBT,11/7/24,1/7/25,2,0.7532,-0.0127,0.7659,0.1684,0.09,0.03,-0.06
IRBT,11/7/24,2/7/25,3,0.1004,0.0077,0.0927,0.1684,0.09,0.03,-0.06
IRBT,8/7/24,9/7/24,1,-0.2657,0.0183,-0.284,-0.3554,-0.19,-1.96,-1.77
IRBT,8/7/24,10/7/24,2,0,0.0733,-0.0733,-0.3554,-0.19,-1.96,-1.77
IRBT,8/7/24,11/7/24,3,-0.1488,0.1259,-0.2747,-0.3554,-0.19,-1.96,-1.77
IRBT,5/8/24,6/8/24,1,-0.164,0.0266,-0.1906,0.8979,0.48,-1.53,-2.01
IRBT,5/8/24,7/8/24,2,-0.2263,0.0709,-0.2973,0.8979,0.48,-1.53,-2.01
IRBT,5/8/24,8/8/24,3,-0.2868,0.0234,-0.3103,0.8979,0.48,-1.53,-2.01
IRBT,2/27/24,3/27/24,1,-0.2391,0.0366,-0.2758,0.5425,0.29,-1.82,-2.11
IRBT,2/27/24,4/27/24,2,-0.31,0.0071,-0.3171,0.5425,0.29,-1.82,-2.11
IRBT,2/27/24,5/27/24,3,-0.1205,0.049,-0.1695,0.5425,0.29,-1.82,-2.11
IRBT,11/8/23,12/8/23,1,0.3633,0.0608,0.3026,-2.1513,-1.15,-2.82,-1.67
IRBT,11/8/23,1/8/24,2,0.2967,0.0984,0.1983,-2.1513,-1.15,-2.82,-1.67
IRBT,11/8/23,2/8/24,3,-0.5481,0.1533,-0.7014,-2.1513,-1.15,-2.82,-1.67
IRBT,8/9/23,9/9/23,1,-0.0694,-0.0009,-0.0685,0.0935,0.05,-1.42,-1.47
IRBT,8/9/23,10/9/23,2,-0.0271,-0.0271,0,0.0935,0.05,-1.42,-1.47
IRBT,8/9/23,11/9/23,3,-0.2543,-0.0236,-0.2307,0.0935,0.05,-1.42,-1.47
SBFM,11/6/24,12/6/24,1,0.2279,0.0205,0.2075,-2.5122,-9.94,-0.94,9
SBFM,11/6/24,1/6/25,2,0.0882,0.0029,0.0853,-2.5122,-9.94,-0.94,9
SBFM,11/6/24,2/6/25,3,-0.0368,0.0214,-0.0582,-2.5122,-9.94,-0.94,9
SBFM,8/17/24,9/17/24,1,-0.0841,0.0062,-0.0903,-0.6419,-2.54,-9.94,-7.4
SBFM,8/17/24,10/17/24,2,-0.0291,0.0438,-0.073,-0.6419,-2.54,-9.94,-7.4
SBFM,8/17/24,11/17/24,3,-0.2411,0.0499,-0.291,-0.6419,-2.54,-9.94,-7.4
SBFM,5/21/24,6/21/24,1,-0.601,0.031,-0.632,-0.2426,-0.96,-2,-1.04
SBFM,5/21/24,7/21/24,2,-0.6334,0.0395,-0.6729,-0.2426,-0.96,-2,-1.04
SBFM,5/21/24,8/21/24,3,-0.8117,0.0615,-0.8732,-0.2426,-0.96,-2,-1.04
SBFM,3/29/24,4/29/24,1,-0.9198,-0.0232,-0.8966,-0.5055,-2,-5,-3
SBFM,3/29/24,5/29/24,2,-0.9407,0.0075,-0.9483,-0.5055,-2,-5,-3
SBFM,3/29/24,6/29/24,3,-0.9609,0.0456,-1.0065,-0.5055,-2,-5,-3
SBFM,11/14/23,12/14/23,1,-0.1241,0.0497,-0.1737,0.0051,0.02,-0.04,-0.06
SBFM,11/14/23,1/14/24,2,-0.073,0.0643,-0.1373,0.0051,0.02,-0.04,-0.06
SBFM,11/14/23,2/14/24,3,-0.781,0.1132,-0.8942,0.0051,0.02,-0.04,-0.06
ROOT,2/27/25,3/27/25,1,0.1019,-0.0427,0.1446,1.9438,1.74,1.3,-0.44
ROOT,2/27/25,4/27/25,2,-0.0486,-0.0531,0.0044,1.9438,1.74,1.3,-0.44
ROOT,2/27/25,5/27/25,3,-0.0486,-0.0531,0.0044,1.9438,1.74,1.3,-0.44
ROOT,10/31/24,11/30/24,1,0.4056,0.0552,0.3504,2.6029,2.33,1.35,-0.98
ROOT,10/31/24,12/31/24,2,0.0223,0.0298,-0.0075,2.6029,2.33,1.35,-0.98
ROOT,10/31/24,1/31/25,3,0.373,0.0574,0.3156,2.6029,2.33,1.35,-0.98
ROOT,8/8/24,9/8/24,1,-0.171,0.0138,-0.1848,0.9384,0.84,-0.52,-1.36
ROOT,8/8/24,10/8/24,2,-0.1855,0.0787,-0.2642,0.9384,0.84,-0.52,-1.36
ROOT,8/8/24,11/8/24,3,0.7757,0.1258,0.6499,0.9384,0.84,-0.52,-1.36
ROOT,5/1/24,6/1/24,1,-0.1057,0.0442,-0.15,2.3013,2.06,-0.42,-2.48
ROOT,5/1/24,7/1/24,2,-0.0945,0.0833,-0.1778,2.3013,2.06,-0.42,-2.48
ROOT,5/1/24,8/1/24,3,0.0157,0.0787,-0.063,2.3013,2.06,-0.42,-2.48
ROOT,2/22/24,3/22/24,1,2.1698,0.0295,2.1403,1.2847,1.15,-1.64,-2.79
ROOT,2/22/24,4/22/24,2,2.2117,-0.013,2.2246,1.2847,1.15,-1.64,-2.79
ROOT,2/22/24,5/22/24,3,2.5825,0.0465,2.536,1.2847,1.15,-1.64,-2.79
ROOT,11/2/23,12/2/23,1,0.0614,0.0562,0.0052,-0.4133,-0.37,-3.16,-2.79
ROOT,11/2/23,1/2/24,2,0.0533,0.0917,-0.0384,-0.4133,-0.37,-3.16,-2.79
ROOT,11/2/23,2/2/24,3,-0.1881,0.1419,-0.33,-0.4133,-0.37,-3.16,-2.79
ROOT,8/3/23,9/3/23,1,0.1695,0.0098,0.1597,0.5362,0.48,-2.55,-3.03
ROOT,8/3/23,10/3/23,2,-0.1615,-0.0531,-0.1084,0.5362,0.48,-2.55,-3.03
ROOT,8/3/23,11/3/23,3,-0.0149,-0.0237,0.0088,0.5362,0.48,-2.55,-3.03
ROOT,5/4/23,6/4/23,1,-0.0639,0.0371,-0.101,0.7932,0.71,-2.88,-3.59
ROOT,5/4/23,7/4/23,2,0.8947,0.0795,0.8152,0.7932,0.71,-2.88,-3.59
ROOT,5/4/23,8/4/23,3,0.8966,0.0869,0.8098,0.7932,0.71,-2.88,-3.59
IBM,1/30/25,2/28/25,1,-0.0062,-0.0127,0.0065,2.8475,0.17,3.92,3.75
IBM,1/30/25,3/30/25,2,-0.0394,-0.0739,0.0345,2.8475,0.17,3.92,3.75
IBM,1/30/25,4/30/25,3,-0.0144,-0.0651,0.0506,2.8475,0.17,3.92,3.75
IBM,10/24/24,11/24/24,1,0.0468,0.0284,0.0184,1.1725,0.07,2.3,2.23
IBM,10/24/24,12/24/24,2,0.0536,0.0419,0.0117,1.1725,0.07,2.3,2.23
IBM,10/24/24,1/24/25,3,0.0554,0.0535,0.0019,1.1725,0.07,2.3,2.23
IBM,7/25/24,8/25/24,1,0.0316,0.0325,-0.0009,3.8525,0.23,2.43,2.2
IBM,7/25/24,9/25/24,2,0.1638,0.0502,0.1136,3.8525,0.23,2.43,2.2
IBM,7/25/24,10/25/24,3,0.1293,0.0668,0.0625,3.8525,0.23,2.43,2.2
IBM,4/25/24,5/25/24,1,0.0326,0.0417,-0.009,1.34,0.08,1.68,1.6
IBM,4/25/24,6/25/24,2,0.043,0.0754,-0.0324,1.34,0.08,1.68,1.6
IBM,4/25/24,7/25/24,3,0.1601,0.0627,0.0974,1.34,0.08,1.68,1.6
IBM,1/25/24,2/25/24,1,0,0.0419,-0.042,1.5075,0.09,3.87,3.78
IBM,1/25/24,3/25/24,2,0.0165,0.0697,-0.0532,1.5075,0.09,3.87,3.78
IBM,1/25/24,4/25/24,3,-0.0905,0.0362,-0.1267,1.5075,0.09,3.87,3.78
IBM,10/26/23,11/26/23,1,0.1012,0.1086,-0.0075,1.1725,0.07,2.2,2.13
IBM,10/26/23,12/26/23,2,0.1582,0.1629,-0.0047,1.1725,0.07,2.2,2.13
IBM,10/26/23,1/26/24,3,0.33,0.1916,0.1383,1.1725,0.07,2.2,2.13
IBM,7/20/23,8/20/23,1,0.0295,-0.0347,0.0642,2.8475,0.17,2.18,2.01
IBM,7/20/23,9/20/23,2,0.0908,-0.0265,0.1173,2.8475,0.17,2.18,2.01
IBM,7/20/23,10/20/23,3,-0.0015,-0.0652,0.0638,2.8475,0.17,2.18,2.01
IBM,4/20/23,5/20/23,1,0.026,0.0156,0.0104,1.675,0.1,1.36,1.26
IBM,4/20/23,6/20/23,2,0.0961,0.0645,0.0316,1.675,0.1,1.36,1.26
IBM,4/20/23,7/20/23,3,0.1156,0.1011,0.0146,1.675,0.1,1.36,1.26
RUM,3/26/25,4/26/25,1,0,-0.0108,0.0108,-1.8071,-0.13,-0.25,-0.12
RUM,3/26/25,5/26/25,2,0,-0.0108,0.0108,-1.8071,-0.13,-0.25,-0.12
RUM,3/26/25,6/26/25,3,0,-0.0108,0.0108,-1.8071,-0.13,-0.25,-0.12
RUM,11/13/24,12/13/24,1,0.4044,0.0183,0.3861,-0.417,-0.03,-0.15,-0.12
RUM,11/13/24,1/13/25,2,0.8477,-0.0169,0.8646,-0.417,-0.03,-0.15,-0.12
RUM,11/13/24,2/13/25,3,0.912,0.0311,0.8809,-0.417,-0.03,-0.15,-0.12
RUM,8/13/24,9/13/24,1,-0.0562,0.0336,-0.0898,0.278,0.02,-0.13,-0.15
RUM,8/13/24,10/13/24,2,-0.1091,0.0692,-0.1783,0.278,0.02,-0.13,-0.15
RUM,8/13/24,11/13/24,3,0.0165,0.1016,-0.0851,0.278,0.02,-0.13,-0.15
RUM,5/15/24,6/15/24,1,-0.2248,0.0267,-0.2515,-0.278,-0.02,-0.21,-0.19
RUM,5/15/24,7/15/24,2,-0.011,0.0655,-0.0766,-0.278,-0.02,-0.21,-0.19
RUM,5/15/24,8/15/24,3,-0.1324,0.0495,-0.1819,-0.278,-0.02,-0.21,-0.19
RUM,3/28/24,4/28/24,1,-0.0981,-0.0266,-0.0714,1.1121,0.08,-0.14,-0.22
RUM,3/28/24,5/28/24,2,-0.0732,0.0147,-0.0879,1.1121,0.08,-0.14,-0.22
RUM,3/28/24,6/28/24,3,-0.2334,0.0456,-0.279,1.1121,0.08,-0.14,-0.22
RUM,11/14/23,12/14/23,1,0.0263,0.0497,-0.0234,0.417,0.03,-0.14,-0.17
RUM,11/14/23,1/14/24,2,-0.3152,0.0643,-0.3795,0.417,0.03,-0.14,-0.17
RUM,11/14/23,2/14/24,3,0.4404,0.1132,0.3272,0.417,0.03,-0.14,-0.17
RUM,8/15/23,9/15/23,1,-0.043,0.012,-0.055,-0.9731,-0.07,-0.15,-0.08
RUM,8/15/23,10/15/23,2,-0.2896,-0.0151,-0.2746,-0.9731,-0.07,-0.15,-0.08
RUM,8/15/23,11/15/23,3,-0.3023,0.0264,-0.3288,-0.9731,-0.07,-0.15,-0.08
RUM,5/16/23,6/16/23,1,-0.0742,0.0623,-0.1365,-1.8071,-0.13,-0.14,-0.01
RUM,5/16/23,7/16/23,2,-0.179,0.086,-0.2651,-1.8071,-0.13,-0.14,-0.01
RUM,5/16/23,8/16/23,3,-0.2982,0.0627,-0.3609,-1.8071,-0.13,-0.14,-0.01
RUM,11/15/22,12/15/22,1,-0.2538,-0.0147,-0.2391,0.139,0.01,-0.01,-0.02
RUM,11/15/22,1/15/23,2,-0.1198,0.0123,-0.1322,0.139,0.01,-0.01,-0.02
RUM,11/15/22,2/15/23,3,-0.1123,0.0517,-0.1639,0.139,0.01,-0.01,-0.02
ROKU,2/14/25,3/14/25,1,-0.2925,-0.0796,-0.2129,0.7045,0.16,-0.24,-0.4
ROKU,2/14/25,4/14/25,2,-0.263,-0.0799,-0.1832,0.7045,0.16,-0.24,-0.4
ROKU,2/14/25,5/14/25,3,-0.263,-0.0799,-0.1832,0.7045,0.16,-0.24,-0.4
ROKU,10/31/24,11/30/24,1,0.0507,0.0552,-0.0045,1.1448,0.26,-0.06,-0.32
ROKU,10/31/24,12/31/24,2,0.1315,0.0298,0.1017,1.1448,0.26,-0.06,-0.32
ROKU,10/31/24,1/31/25,3,0.2597,0.0574,0.2022,1.1448,0.26,-0.06,-0.32
ROKU,8/2/24,9/2/24,1,0.3116,0.0895,0.2221,0.8366,0.19,-0.24,-0.43
ROKU,8/2/24,10/2/24,2,0.4356,0.1029,0.3328,0.8366,0.19,-0.24,-0.43
ROKU,8/2/24,11/2/24,3,0.2715,0.1071,0.1644,0.8366,0.19,-0.24,-0.43
ROKU,4/26/24,5/26/24,1,-0.0324,0.038,-0.0704,1.1448,0.26,-0.35,-0.61
ROKU,4/26/24,6/26/24,2,-0.0256,0.073,-0.0985,1.1448,0.26,-0.35,-0.61
ROKU,4/26/24,7/26/24,3,0.0065,0.0708,-0.0644,1.1448,0.26,-0.35,-0.61
ROKU,2/16/24,3/16/24,1,-0.0485,0.0295,-0.078,-0.1321,-0.03,-0.55,-0.52
ROKU,2/16/24,4/16/24,2,-0.1402,0.0168,-0.157,-0.1321,-0.03,-0.55,-0.52
ROKU,2/16/24,5/16/24,3,-0.0892,0.0676,-0.1568,-0.1321,-0.03,-0.55,-0.52
ROKU,11/2/23,12/2/23,1,0.2217,0.0562,0.1656,-0.9246,-0.21,-2.33,-2.12
ROKU,11/2/23,1/2/24,2,0.0501,0.0917,-0.0416,-0.9246,-0.21,-2.33,-2.12
ROKU,11/2/23,2/2/24,3,0.0741,0.1419,-0.0678,-0.9246,-0.21,-2.33,-2.12
ROKU,7/28/23,8/28/23,1,-0.203,-0.0328,-0.1701,2.2015,0.5,-0.76,-1.26
ROKU,7/28/23,9/28/23,2,-0.2928,-0.0606,-0.2322,2.2015,0.5,-0.76,-1.26
ROKU,7/28/23,10/28/23,3,-0.4147,-0.0997,-0.3149,2.2015,0.5,-0.76,-1.26
HIVE,2/11/25,3/11/25,1,-0.36,-0.0786,-0.2814,0.8322,0.11,0.01,-0.1
HIVE,2/11/25,4/11/25,2,-0.44,-0.0675,-0.3725,0.8322,0.11,0.01,-0.1
HIVE,2/11/25,5/11/25,3,-0.44,-0.0675,-0.3725,0.8322,0.11,0.01,-0.1
HIVE,11/13/24,12/13/24,1,-0.116,0.0183,-0.1343,0.227,0.03,-0.06,-0.09
HIVE,11/13/24,1/13/25,2,-0.3248,-0.0169,-0.308,0.227,0.03,-0.06,-0.09
HIVE,11/13/24,2/13/25,3,-0.3364,0.0311,-0.3675,0.227,0.03,-0.06,-0.09
HIVE,8/13/24,9/13/24,1,0.0961,0.0336,0.0625,0.3026,0.04,0.03,-0.01
HIVE,8/13/24,10/13/24,2,0.121,0.0692,0.0518,0.3026,0.04,0.03,-0.01
HIVE,8/13/24,11/13/24,3,0.6619,0.1016,0.5603,0.3026,0.04,0.03,-0.01
HIVE,6/25/24,7/25/24,1,0.1246,-0.013,0.1376,0.9836,0.13,-0.01,-0.14
HIVE,6/25/24,8/25/24,2,0.1033,0.0305,0.0729,0.9836,0.13,-0.01,-0.14
HIVE,6/25/24,9/25/24,3,-0.0152,0.0482,-0.0634,0.9836,0.13,-0.01,-0.14
HIVE,2/12/24,3/12/24,1,-0.1326,0.0459,-0.1785,1.5888,0.21,-0.02,-0.23
HIVE,2/12/24,4/12/24,2,-0.2127,0.0372,-0.2499,1.5888,0.21,-0.02,-0.23
HIVE,2/12/24,5/12/24,3,-0.3481,0.0574,-0.4055,1.5888,0.21,-0.02,-0.23
HIVE,11/10/23,12/10/23,1,0.4737,0.0455,0.4282,-0.7566,-0.1,-0.29,-0.19
HIVE,11/10/23,1/10/24,2,0.5474,0.087,0.4604,-0.7566,-0.1,-0.29,-0.19
HIVE,11/10/23,2/10/24,3,0.2667,0.1432,0.1235,-0.7566,-0.1,-0.29,-0.19
HIVE,8/11/23,9/11/23,1,-0.3055,0.0008,-0.3063,-0.3783,-0.05,-0.19,-0.14
HIVE,8/11/23,10/11/23,2,-0.3385,-0.0229,-0.3156,-0.3783,-0.05,-0.19,-0.14
HIVE,8/11/23,11/11/23,3,-0.3121,-0.0133,-0.2988,-0.3783,-0.05,-0.19,-0.14
HIVE,6/30/23,7/30/23,1,0.0558,0.0296,0.0262,0.9836,0.13,-0.16,-0.29
HIVE,6/30/23,8/30/23,2,-0.2211,0.0163,-0.2374,0.9836,0.13,-0.16,-0.29
HIVE,6/30/23,9/30/23,3,-0.3865,-0.0334,-0.3531,0.9836,0.13,-0.16,-0.29
HIVE,11/15/22,12/15/22,1,-0.2085,-0.0147,-0.1938,-1.5888,-0.21,-0.45,-0.24
HIVE,11/15/22,1/15/23,2,0.3319,0.0123,0.3196,-1.5888,-0.21,-0.45,-0.24
HIVE,11/15/22,2/15/23,3,0.5021,0.0517,0.4505,-1.5888,-0.21,-0.45,-0.24
NEM,2/21/25,3/21/25,1,0.0818,-0.0528,0.1346,2.2273,0.32,1.4,1.08
NEM,2/21/25,4/21/25,2,0.103,-0.0579,0.1609,2.2273,0.32,1.4,1.08
NEM,2/21/25,5/21/25,3,0.103,-0.0579,0.1609,2.2273,0.32,1.4,1.08
NEM,10/24/24,11/24/24,1,-0.1041,0.0284,-0.1325,-0.348,-0.05,0.81,0.86
NEM,10/24/24,12/24/24,2,-0.2041,0.0419,-0.246,-0.348,-0.05,0.81,0.86
NEM,10/24/24,1/24/25,3,-0.1266,0.0535,-0.1801,-0.348,-0.05,0.81,0.86
NEM,7/25/24,8/25/24,1,0.1136,0.0325,0.0811,0.696,0.1,0.72,0.62
NEM,7/25/24,9/25/24,2,0.1883,0.0502,0.1381,0.696,0.1,0.72,0.62
NEM,7/25/24,10/25/24,3,0.0412,0.0668,-0.0256,0.696,0.1,0.72,0.62
NEM,4/26/24,5/26/24,1,-0.0066,0.038,-0.0446,1.3225,0.19,0.55,0.36
NEM,4/26/24,6/26/24,2,-0.0133,0.073,-0.0862,1.3225,0.19,0.55,0.36
NEM,4/26/24,7/26/24,3,0.1124,0.0708,0.0416,1.3225,0.19,0.55,0.36
NEM,2/23/24,3/23/24,1,0.1342,0.0333,0.1009,0.2784,0.04,0.5,0.46
NEM,2/23/24,4/23/24,2,0.2665,0.0024,0.2641,0.2784,0.04,0.5,0.46
NEM,2/23/24,5/23/24,3,0.3847,0.0427,0.342,0.2784,0.04,0.5,0.46
NEM,10/27/23,11/27/23,1,-0.0134,0.0936,-0.107,-0.4872,-0.07,0.36,0.43
NEM,10/27/23,12/27/23,2,0.106,0.1512,-0.0452,-0.4872,-0.07,0.36,0.43
NEM,10/27/23,1/27/24,3,-0.1072,0.1776,-0.2848,-0.4872,-0.07,0.36,0.43
NEM,7/21/23,8/21/23,1,-0.1152,-0.0327,-0.0825,-0.7656,-0.11,0.33,0.44
NEM,7/21/23,9/21/23,2,-0.0529,-0.0469,-0.0061,-0.7656,-0.11,0.33,0.44
NEM,7/21/23,10/21/23,3,-0.0931,-0.0694,-0.0237,-0.7656,-0.11,0.33,0.44
NEM,4/28/23,5/28/23,1,-0.1332,0.0109,-0.144,0.4872,0.07,0.4,0.33
NEM,4/28/23,6/28/23,2,-0.1137,0.0542,-0.1679,0.4872,0.07,0.4,0.33
NEM,4/28/23,7/28/23,3,-0.0871,0.1037,-0.1908,0.4872,0.07,0.4,0.33
DKNG,2/14/25,3/14/25,1,-0.2645,-0.0796,-0.1849,-0.5447,-0.12,-0.28,-0.16
DKNG,2/14/25,4/14/25,2,-0.3554,-0.0799,-0.2756,-0.5447,-0.12,-0.28,-0.16
DKNG,2/14/25,5/14/25,3,-0.3554,-0.0799,-0.2756,-0.5447,-0.12,-0.28,-0.16
DKNG,11/8/24,12/8/24,1,0.0243,0.0151,0.0092,-0.817,-0.18,-0.6,-0.42
DKNG,11/8/24,1/8/25,2,-0.1125,-0.0122,-0.1003,-0.817,-0.18,-0.6,-0.42
DKNG,11/8/24,2/8/25,3,-0.0215,0.0067,-0.0283,-0.817,-0.18,-0.6,-0.42
DKNG,8/2/24,9/2/24,1,0.0849,0.0895,-0.0046,0.59,0.13,0.12,-0.01
DKNG,8/2/24,10/2/24,2,0.1846,0.1029,0.0817,0.59,0.13,0.12,-0.01
DKNG,8/2/24,11/2/24,3,0.1223,0.1071,0.0152,0.59,0.13,0.12,-0.01
DKNG,5/3/24,6/3/24,1,-0.194,0.0217,-0.2157,-0.0908,-0.02,-0.3,-0.28
DKNG,5/3/24,7/3/24,2,-0.1504,0.071,-0.2214,-0.0908,-0.02,-0.3,-0.28
DKNG,5/3/24,8/3/24,3,-0.2734,0.0349,-0.3084,-0.0908,-0.02,-0.3,-0.28
DKNG,2/16/24,3/16/24,1,0.0111,0.0295,-0.0184,-0.817,-0.18,-0.1,0.08
DKNG,2/16/24,4/16/24,2,0.0876,0.0168,0.0708,-0.817,-0.18,-0.1,0.08
DKNG,2/16/24,5/16/24,3,0.0883,0.0676,0.0208,-0.817,-0.18,-0.1,0.08
DKNG,11/3/23,12/3/23,1,0.1111,0.0537,0.0574,1.5432,0.34,-0.35,-0.69
DKNG,11/3/23,1/3/24,2,-0.0823,0.0803,-0.1627,1.5432,0.34,-0.35,-0.69
DKNG,11/3/23,2/3/24,3,0.1849,0.1392,0.0457,1.5432,0.34,-0.35,-0.69
DKNG,8/4/23,9/4/23,1,-0.0629,0.0011,-0.064,0.3631,0.08,-0.17,-0.25
DKNG,8/4/23,10/4/23,2,-0.0939,-0.0545,-0.0394,0.3631,0.08,-0.17,-0.25
DKNG,8/4/23,11/4/23,3,0.067,-0.0321,0.0992,0.3631,0.08,-0.17,-0.25
DKNG,5/5/23,6/5/23,1,0.0463,0.0348,0.0115,1.7248,0.38,-0.51,-0.89
DKNG,5/5/23,7/5/23,2,0.0786,0.0776,0.001,1.7248,0.38,-0.51,-0.89
DKNG,5/5/23,8/5/23,3,0.3127,0.0866,0.2261,1.7248,0.38,-0.51,-0.89
HUT,3/4/25,4/4/25,1,-0.1072,-0.035,-0.0722,1.6444,0.5,1.45,0.95
HUT,3/4/25,5/4/25,2,-0.1072,-0.035,-0.0722,1.6444,0.5,1.45,0.95
HUT,3/4/25,6/4/25,3,-0.1072,-0.035,-0.0722,1.6444,0.5,1.45,0.95
HUT,11/14/24,12/14/24,1,0.0819,0.0315,0.0504,0.2302,0.07,-0.21,-0.28
HUT,11/14/24,1/14/25,2,-0.0554,-0.0027,-0.0527,0.2302,0.07,-0.21,-0.28
HUT,11/14/24,2/14/25,3,-0.1896,0.0444,-0.234,0.2302,0.07,-0.21,-0.28